review_tier,id,klass,title,source_decision,cap,final_review_status,final_source_priority,final_valid_from,final_valid_to,final_supersedes,final_procedure_version,final_last_verified_at,existing_phi_le_phi,final_phi_le_phi,candidate_thoi_han,final_thoi_han,candidate_mau_don,final_mau_don,suggested_authority,final_authority,paper_flag,notes
HIGH,tthc_5568-tinh-01,tthc,Cấp hộ chiếu phổ thông ở trong nước,5568/QD-BCA,tinh,pending,current_procedure,,,,,,Lệ phí: Chưa xác minh | Phí: Chưa xác minh,Lệ phí: Chưa xác minh | Phí: Chưa xác minh,,,TK01,TK01,Công an cấp tỉnh (Phòng Quản lý xuất nhập cảnh),Công an cấp tỉnh (Phòng Quản lý xuất nhập cảnh),,
HIGH,tthc_5568-tinh-02,tthc,Khôi phục giá trị sử dụng hộ chiếu phổ thông,5568/QD-BCA,tinh,pending,current_procedure,,,,,,Lệ phí: Không | Phí: Không,Lệ phí: Không | Phí: Không,,,TK04,TK04,Công an cấp tỉnh (Phòng Quản lý xuất nhập cảnh),Công an cấp tỉnh (Phòng Quản lý xuất nhập cảnh),,
HIGH,tthc_5568-tinh-03,tthc,Trình báo mất hộ chiếu phổ thông,5568/QD-BCA,tinh,pending,current_procedure,,,,,,Lệ phí: Không | Phí: Không,Lệ phí: Không | Phí: Không,,,TK05,TK05,Công an cấp tỉnh (Phòng Quản lý xuất nhập cảnh),Công an cấp tỉnh (Phòng Quản lý xuất nhập cảnh),,
HIGH,tthc_5568-tinh-04,tthc,Cấp thị thực cho người nước ngoài tại Việt Nam,5568/QD-BCA,tinh,pending,current_procedure,,,,,,Lệ phí: Không | Phí: Không,Lệ phí: Không | Phí: Không,,,NA5,NA5,Công an cấp tỉnh (Phòng Quản lý xuất nhập cảnh),Công an cấp tỉnh (Phòng Quản lý xuất nhập cảnh),,
HIGH,tthc_5568-tinh-05,tthc,Cấp thẻ tạm trú cho người nước ngoài tại Việt Nam tại Công an cấp tỉnh,5568/QD-BCA,tinh,pending,current_procedure,,,,,,"Lệ phí: Không | Phí: Thẻ tạm trú có thời hạn không quá 02 năm: 145 USD/thẻ.
	Thẻ tạm trú có thời hạn từ trên 02 năm đến 05 năm: 155 USD/thẻ.
	Thẻ tạm trú có thời hạn từ trên 05 năm đến 10 năm: 165 USD/thẻ.","Lệ phí: Không | Phí: Thẻ tạm trú có thời hạn không quá 02 năm: 145 USD/thẻ.
	Thẻ tạm trú có thời hạn từ trên 02 năm đến 05 năm: 155 USD/thẻ.
	Thẻ tạm trú có thời hạn từ trên 05 năm đến 10 năm: 165 USD/thẻ.",,,"NA6, NA7, NA8","NA6, NA7, NA8",Công an cấp tỉnh (Phòng Quản lý xuất nhập cảnh),Công an cấp tỉnh (Phòng Quản lý xuất nhập cảnh),,
HIGH,tthc_5568-tinh-06,tthc,Gia hạn tạm trú cho người đã được cấp giấy miễn thị thực,5568/QD-BCA,tinh,pending,current_procedure,,,,,,Lệ phí: Không | Phí: 10 USD/lần,Lệ phí: Không | Phí: 10 USD/lần,,,NA5,NA5,Công an cấp tỉnh (Phòng Quản lý xuất nhập cảnh),Công an cấp tỉnh (Phòng Quản lý xuất nhập cảnh),,
HIGH,tthc_5568-tinh-07,tthc,Gia hạn tạm trú cho người nước ngoài tại Việt Nam,5568/QD-BCA,tinh,pending,current_procedure,,,,,,Lệ phí: Không | Phí: 10 USD/lần,Lệ phí: Không | Phí: 10 USD/lần,,,NA5,NA5,Công an cấp tỉnh (Phòng Quản lý xuất nhập cảnh),Công an cấp tỉnh (Phòng Quản lý xuất nhập cảnh),,
HIGH,tthc_5568-tinh-08,tthc,Cấp thẻ thường trú cho người nước ngoài tại Việt Nam,5568/QD-BCA,tinh,pending,current_procedure,,,,,,Lệ phí: Chưa xác minh | Phí: Chưa xác minh,Lệ phí: Chưa xác minh | Phí: Chưa xác minh,,,NA12,NA12,Công an cấp tỉnh (Phòng Quản lý xuất nhập cảnh),Công an cấp tỉnh (Phòng Quản lý xuất nhập cảnh),,
HIGH,tthc_5568-tinh-09,tthc,Cấp đổi thẻ thường trú cho người nước ngoài tại Việt Nam tại Công an cấp tỉnh,5568/QD-BCA,tinh,pending,current_procedure,,,,,,Lệ phí: Chưa xác minh | Phí: Chưa xác minh,Lệ phí: Chưa xác minh | Phí: Chưa xác minh,,,NA13,NA13,Công an cấp tỉnh (Phòng Quản lý xuất nhập cảnh),Công an cấp tỉnh (Phòng Quản lý xuất nhập cảnh),,
HIGH,tthc_5568-tinh-10,tthc,Cấp lại thẻ thường trú cho người nước ngoài tại Việt Nam tại Công an cấp tỉnh,5568/QD-BCA,tinh,pending,current_procedure,,,,,,Lệ phí: Không | Phí: 100 USD/thẻ,Lệ phí: Không | Phí: 100 USD/thẻ,,,NA13,NA13,Công an cấp tỉnh (Phòng Quản lý xuất nhập cảnh),Công an cấp tỉnh (Phòng Quản lý xuất nhập cảnh),,
HIGH,tthc_5568-tinh-11,tthc,"Cấp giấy phép vào khu vực cấm, khu vực biên giới cho người nước ngoài tại Công an cấp tỉnh",5568/QD-BCA,tinh,pending,current_procedure,,,,,,Lệ phí: Chưa xác minh | Phí: Chưa xác minh,Lệ phí: Chưa xác minh | Phí: Chưa xác minh,,,,,Công an cấp tỉnh (Phòng Quản lý xuất nhập cảnh),Công an cấp tỉnh (Phòng Quản lý xuất nhập cảnh),,
HIGH,tthc_5568-tinh-12,tthc,Cấp giấy phép xuất nhập cảnh cho người không quốc tịch cư trú tại Việt Nam,5568/QD-BCA,tinh,pending,current_procedure,,,,,,Lệ phí: 200.000 đồng/lần cấp | Phí: Không,Lệ phí: 200.000 đồng/lần cấp | Phí: Không,,,,,Công an cấp tỉnh (Phòng Quản lý xuất nhập cảnh),Công an cấp tỉnh (Phòng Quản lý xuất nhập cảnh),,
HIGH,tthc_5568-tinh-13,tthc,Cấp lại giấy phép xuất nhập cảnh cho người không quốc tịch cư trú tại Việt Nam,5568/QD-BCA,tinh,pending,current_procedure,,,,,,Lệ phí: 200.000 đồng/lần cấp lại | Phí: Không,Lệ phí: 200.000 đồng/lần cấp lại | Phí: Không,,,,,Công an cấp tỉnh (Phòng Quản lý xuất nhập cảnh),Công an cấp tỉnh (Phòng Quản lý xuất nhập cảnh),,
HIGH,tthc_5568-tw-01,tthc,Cấp hộ chiếu phổ thông ở trong nước,5568/QD-BCA,trung-uong,pending,current_procedure,,,,,,Lệ phí: Chưa xác minh | Phí: Chưa xác minh,Lệ phí: Chưa xác minh | Phí: Chưa xác minh,,,TK01,TK01,,,,
HIGH,tthc_5568-tw-02,tthc,Khôi phục giá trị sử dụng hộ chiếu phổ thông,5568/QD-BCA,trung-uong,pending,current_procedure,,,,,,Lệ phí: Không | Phí: Không,Lệ phí: Không | Phí: Không,,,TK04,TK04,,,,
HIGH,tthc_5568-tw-03,tthc,Trình báo mất hộ chiếu phổ thông,5568/QD-BCA,trung-uong,pending,current_procedure,,,,,,Lệ phí: Không | Phí: Không,Lệ phí: Không | Phí: Không,,,TK05,TK05,,,,
HIGH,tthc_5568-tw-04,tthc,Cấp Giấy xác nhận nhân sự của công dân Việt Nam ở nước ngoài,5568/QD-BCA,trung-uong,pending,current_procedure,,,,,,Lệ phí: 100.000 đồng/giấy xác nhận nhân sự | Phí: Không,Lệ phí: 100.000 đồng/giấy xác nhận nhân sự | Phí: Không,,,TK03,TK03,,,,
HIGH,tthc_5568-tw-05,tthc,Đăng ký tài khoản điện tử,5568/QD-BCA,trung-uong,pending,current_procedure,,,,,,Lệ phí: Không | Phí: Không,Lệ phí: Không | Phí: Không,,,NA19,NA19,,,,
HIGH,tthc_5568-tw-06,tthc,Cấp thị thực điện tử theo đề nghị của người nước ngoài,5568/QD-BCA,trung-uong,pending,current_procedure,,,,,,Lệ phí: Không | Phí: Thị thực điện tử giá trị một lần: 25 USD/thị thực. Thị thực điện tử giá trị nhiều lần (tối đa 90 ngày): 50 USD/thị thực.,Lệ phí: Không | Phí: Thị thực điện tử giá trị một lần: 25 USD/thị thực. Thị thực điện tử giá trị nhiều lần (tối đa 90 ngày): 50 USD/thị thực.,,,,,,,,
HIGH,tthc_5568-tw-07,tthc,"Cấp thị thực điện tử theo đề nghị của cơ quan, tổ chức",5568/QD-BCA,trung-uong,pending,current_procedure,,,,,,Lệ phí: Không | Phí: Thị thực điện tử giá trị một lần: 25 USD/thị thực. Thị thực điện tử giá trị nhiều lần: 50 USD/thị thực.,Lệ phí: Không | Phí: Thị thực điện tử giá trị một lần: 25 USD/thị thực. Thị thực điện tử giá trị nhiều lần: 50 USD/thị thực.,,,,,,,,
HIGH,tthc_5568-tw-08,tthc,Cấp thị thực cho người nước ngoài tại Việt Nam,5568/QD-BCA,trung-uong,pending,current_procedure,,,,,,"Lệ phí: Không | Phí: + Cấp thị thực có giá trị một lần: 25 USD/chiếc
+ Cấp thị thực có giá trị nhiều lần:
Loại có giá trị không quá 90 ngày: 50 USD/chiếc
Loại có giá trị trên 90 ngày đến 180 ngày: 95 USD/chiếc
Loại có giá trị trên 180 ngày đến 01 năm: 135 USD/chiếc
Loại có giá trị trên 12 tháng đến 02 năm: 145 USD/chiếc
Loại có giá trị trên 02 năm đến 05 năm: 155 USD/chiếc
Thị thực cấp cho người dưới 14 tuổi (không phân biệt thời hạn): 25 USD/chiếc
+ Chuyển ngang giá trị thị thực, thẻ tạm trú, thời hạn tạm trú còn giá trị từ hộ chiếu cũ sang hộ chiếu mới: 5 USD/chiếc
+ Chuyển ngang giá trị thị thực, thời hạn tạm trú còn giá trị từ thị thực rời cũ (đã hết chỗ đóng dấu: kiểm chứng nhập cảnh, kiểm chứng xuất cảnh, chứng nhận tạm trú, gia hạn tạm trú) sang thị thực rời mới: 5 USD/chiếc","Lệ phí: Không | Phí: + Cấp thị thực có giá trị một lần: 25 USD/chiếc
+ Cấp thị thực có giá trị nhiều lần:
Loại có giá trị không quá 90 ngày: 50 USD/chiếc
Loại có giá trị trên 90 ngày đến 180 ngày: 95 USD/chiếc
Loại có giá trị trên 180 ngày đến 01 năm: 135 USD/chiếc
Loại có giá trị trên 12 tháng đến 02 năm: 145 USD/chiếc
Loại có giá trị trên 02 năm đến 05 năm: 155 USD/chiếc
Thị thực cấp cho người dưới 14 tuổi (không phân biệt thời hạn): 25 USD/chiếc
+ Chuyển ngang giá trị thị thực, thẻ tạm trú, thời hạn tạm trú còn giá trị từ hộ chiếu cũ sang hộ chiếu mới: 5 USD/chiếc
+ Chuyển ngang giá trị thị thực, thời hạn tạm trú còn giá trị từ thị thực rời cũ (đã hết chỗ đóng dấu: kiểm chứng nhập cảnh, kiểm chứng xuất cảnh, chứng nhận tạm trú, gia hạn tạm trú) sang thị thực rời mới: 5 USD/chiếc",,,NA5,NA5,,,,
HIGH,tthc_5568-tw-09,tthc,"Kiểm tra, xét duyệt nhân sự, cấp phép nhập cảnh cho người nước ngoài, người Việt Nam định cư ở nước ngoài nhập cảnh vào Việt Nam tại Cục Quản lý xuất nhập cảnh, Bộ Công an",5568/QD-BCA,trung-uong,pending,current_procedure,,,,,,Lệ phí: Chưa xác minh | Phí: Chưa xác minh,Lệ phí: Chưa xác minh | Phí: Chưa xác minh,,,"NA2, NA3","NA2, NA3",,,,
HIGH,tthc_5568-tw-10,tthc,"Cấp thẻ tạm trú cho người nước ngoài tại Cục Quản lý xuất nhập cảnh, Bộ Công an",5568/QD-BCA,trung-uong,pending,current_procedure,,,,,,"Lệ phí: Không | Phí: + Thẻ tạm trú có thời hạn không quá 02 năm: 145 USD/thẻ.
+ Thẻ tạm trú có thời hạn từ trên 02 năm đến 05 năm: 155 USD/thẻ.
+ Thẻ tạm trú có thời hạn từ trên 05 năm đến 10 năm: 165 USD/thẻ.","Lệ phí: Không | Phí: + Thẻ tạm trú có thời hạn không quá 02 năm: 145 USD/thẻ.
+ Thẻ tạm trú có thời hạn từ trên 02 năm đến 05 năm: 155 USD/thẻ.
+ Thẻ tạm trú có thời hạn từ trên 05 năm đến 10 năm: 165 USD/thẻ.",,,"NA6, NA7, NA8","NA6, NA7, NA8",,,,
HIGH,tthc_5568-tw-11,tthc,Gia hạn tạm trú cho người đã được cấp giấy miễn thị thực,5568/QD-BCA,trung-uong,pending,current_procedure,,,,,,Lệ phí: Không | Phí: 10 USD/lần,Lệ phí: Không | Phí: 10 USD/lần,,,NA5,NA5,,,,
HIGH,tthc_5568-tw-12,tthc,Gia hạn tạm trú cho người nước ngoài tại Việt Nam,5568/QD-BCA,trung-uong,pending,current_procedure,,,,,,Lệ phí: Không | Phí: 10 USD/lần,Lệ phí: Không | Phí: 10 USD/lần,,,NA5,NA5,,,,
HIGH,tthc_5568-tw-13,tthc,Cấp giấy phép xuất nhập cảnh cho người không quốc tịch cư trú tại Việt Nam,5568/QD-BCA,trung-uong,pending,current_procedure,,,,,,Lệ phí: 200.000 đồng/lần cấp | Phí: Không,Lệ phí: 200.000 đồng/lần cấp | Phí: Không,,,,,,,,
HIGH,tthc_5568-tw-14,tthc,Cấp lại giấy phép xuất nhập cảnh cho người không quốc tịch cư trú tại Việt Nam,5568/QD-BCA,trung-uong,pending,current_procedure,,,,,,Lệ phí: 200.000 đồng/lần cấp lại | Phí: Không,Lệ phí: 200.000 đồng/lần cấp lại | Phí: Không,,,,,,,,
HIGH,tthc_matt26265,tthc,Khai báo tạm trú cho người nước ngoài tại Việt Nam qua Trang thông tin điện tử,KBTT_HD_Trang_CSLT_v2.0.pdf,xa,pending,current_procedure,,,,,,Lệ phí: Không | Phí: Không,Lệ phí: Không | Phí: Không,"Trong 12 giờ kể từ khi người nước ngoài đến cơ sở lưu trú; địa bàn vùng sâu, vùng xa trong 24 giờ.","Trong 12 giờ kể từ khi người nước ngoài đến cơ sở lưu trú; địa bàn vùng sâu, vùng xa trong 24 giờ.",,,Công an cấp xã,Công an cấp xã,,
HIGH,tthc_tinh-01,tthc,"Xác nhận, cung cấp thông tin liên quan đến xuất nhập cảnh của công dân Việt Nam",8258/QD-BCA,tinh,pending,current_procedure,,,,,,Lệ phí: Không | Phí: Không,Lệ phí: Không | Phí: Không,,,,,Công an cấp tỉnh (Phòng Quản lý xuất nhập cảnh),Công an cấp tỉnh (Phòng Quản lý xuất nhập cảnh),,
HIGH,tthc_tinh-02,tthc,Cấp giấy thông hành biên giới Việt Nam - Lào cho công dân Việt Nam thường trú ở tỉnh có chung đường biên giới với Lào,8258/QD-BCA,tinh,pending,current_procedure,,,,,,Lệ phí: Chưa xác minh | Phí: Chưa xác minh,Lệ phí: Chưa xác minh | Phí: Chưa xác minh,,,,,Công an cấp tỉnh (Phòng Quản lý xuất nhập cảnh),Công an cấp tỉnh (Phòng Quản lý xuất nhập cảnh),,
HIGH,tthc_tinh-03,tthc,Cấp giấy phép xuất nhập cảnh cho người không quốc tịch cư trú tại Việt Nam,8258/QD-BCA,tinh,pending,current_procedure,,,,,,Lệ phí: 200.000 đồng/lần cấp | Phí: Không,Lệ phí: 200.000 đồng/lần cấp | Phí: Không,,,,,Công an cấp tỉnh (Phòng Quản lý xuất nhập cảnh),Công an cấp tỉnh (Phòng Quản lý xuất nhập cảnh),,
HIGH,tthc_tinh-04,tthc,Cấp lại giấy phép xuất nhập cảnh cho người không quốc tịch cư trú tại Việt Nam,8258/QD-BCA,tinh,pending,current_procedure,,,,,,Lệ phí: 200.000 đồng/lần cấp lại | Phí: Không,Lệ phí: 200.000 đồng/lần cấp lại | Phí: Không,,,,,Công an cấp tỉnh (Phòng Quản lý xuất nhập cảnh),Công an cấp tỉnh (Phòng Quản lý xuất nhập cảnh),,
HIGH,tthc_tw-01,tthc,"Xác nhận, cung cấp thông tin liên quan đến xuất nhập cảnh của công dân Việt Nam",8258/QD-BCA,trung-uong,pending,current_procedure,,,,,,Lệ phí: Không | Phí: Không,Lệ phí: Không | Phí: Không,,,,,,,,
HIGH,tthc_tw-02,tthc,Cấp giấy phép xuất nhập cảnh cho người không quốc tịch cư trú tại Việt Nam,8258/QD-BCA,trung-uong,pending,current_procedure,,,,,,Lệ phí: 200.000 đồng/lần cấp | Phí: Không,Lệ phí: 200.000 đồng/lần cấp | Phí: Không,,,,,,,,
HIGH,tthc_tw-03,tthc,Cấp lại giấy phép xuất nhập cảnh cho người không quốc tịch cư trú tại Việt Nam,8258/QD-BCA,trung-uong,pending,current_procedure,,,,,,Lệ phí: 200.000 đồng/lần cấp lại | Phí: Không,Lệ phí: 200.000 đồng/lần cấp lại | Phí: Không,,,,,,,,
HIGH,tthc_xa-01,tthc,"Xác nhận, cung cấp thông tin liên quan đến xuất nhập cảnh của công dân Việt Nam",8258/QD-BCA,xa,pending,current_procedure,,,,,,Lệ phí: Không | Phí: Không,Lệ phí: Không | Phí: Không,,,,,Công an cấp xã,Công an cấp xã,,
HIGH,tthc_xa-02,tthc,Cấp giấy thông hành biên giới Việt Nam - Lào cho công dân Việt Nam thường trú ở tỉnh có chung đường biên giới với Lào,8258/QD-BCA,xa,pending,current_procedure,,,,,,Lệ phí: Chưa xác minh | Phí: Chưa xác minh,Lệ phí: Chưa xác minh | Phí: Chưa xác minh,,,,,Công an cấp xã,Công an cấp xã,,
HIGH,tthc_xa-03,tthc,"Cấp giấy thông hành xuất, nhập cảnh vùng biên giới Việt Nam - Trung Quốc cho công dân Việt Nam thường trú tại đơn vị hành chính cấp xã tiếp giáp đường biên giới Việt Nam-Trung Quốc",8258/QD-BCA,xa,pending,current_procedure,,,,,,Lệ phí: Không | Phí: Không,Lệ phí: Không | Phí: Không,01 ngày làm việc,01 ngày làm việc,,,Công an cấp xã,Công an cấp xã,,
HIGH,tthc_xa-04,tthc,"Cấp giấy thông hành xuất, nhập cảnh vùng biên giới Việt Nam - Trung Quốc cho cán bộ, công chức làm việc tại các cơ quan nhà nước có trụ sở đóng tại đơn vị hành chính cấp xã thuộc tỉnh của Việt Nam tiếp giáp đường biên giới Việt Nam - Trung Quốc",8258/QD-BCA,xa,pending,current_procedure,,,,,,Lệ phí: Không | Phí: Không,Lệ phí: Không | Phí: Không,01 ngày làm việc,01 ngày làm việc,,,Công an cấp xã,Công an cấp xã,,
BULK,guide_cap_xa_2025_a_01_quan_ly_xuat_nhap_canh_trinh_bao_mat_ho_chieu_pho_thong_thuc_hien_tai_cap_xa_01_01,guide,,,xa,approved,supplemental,,N/A,,,,,N/A,,N/A,,N/A,N/A,N/A,broad,
BULK,guide_cap_xa_2025_a_03_quan_ly_xuat_nhap_canh_trinh_bao_mat_the_abtc_thuc_hien_tai_cap_xa_01_01,guide,,,xa,approved,supplemental,,N/A,,,,,N/A,,N/A,,N/A,N/A,N/A,strict,
BULK,guide_cap_xa_2025_a_04_quan_ly_xuat_nhap_canh_trinh_bao_mat_giay_thong_hanh_thuc_hien_tai_cong_an_cap_xa_01_01,guide,,,xa,approved,supplemental,,N/A,,,,,N/A,,N/A,,N/A,N/A,N/A,broad,
BULK,guide_cap_xa_2025_b_01_ang_ky_quan_ly_cu_tru_ang_ky_thuong_tru_01_01,guide,,,xa,approved,supplemental,,N/A,,,,,N/A,,N/A,,N/A,N/A,N/A,broad,
BULK,guide_cap_xa_2025_b_01_ang_ky_quan_ly_cu_tru_ang_ky_thuong_tru_02_01,guide,,,xa,approved,supplemental,,N/A,,,,,N/A,,N/A,,N/A,N/A,N/A,broad,
BULK,guide_cap_xa_2025_b_01_ang_ky_quan_ly_cu_tru_ang_ky_thuong_tru_03_01,guide,,,xa,approved,supplemental,,N/A,,,,,N/A,,N/A,,N/A,N/A,N/A,,
BULK,guide_cap_xa_2025_b_01_ang_ky_quan_ly_cu_tru_ang_ky_thuong_tru_03_02,guide,,,xa,approved,supplemental,,N/A,,,,,N/A,,N/A,,N/A,N/A,N/A,broad,
BULK,guide_cap_xa_2025_b_01_ang_ky_quan_ly_cu_tru_ang_ky_thuong_tru_03_03,guide,,,xa,approved,supplemental,,N/A,,,,,N/A,,N/A,,N/A,N/A,N/A,,
BULK,guide_cap_xa_2025_b_01_ang_ky_quan_ly_cu_tru_ang_ky_thuong_tru_04_01,guide,,,xa,approved,supplemental,,N/A,,,,,N/A,,N/A,,N/A,N/A,N/A,,
BULK,guide_cap_xa_2025_b_01_ang_ky_quan_ly_cu_tru_ang_ky_thuong_tru_05_01,guide,,,xa,approved,supplemental,,N/A,,,,,N/A,,N/A,,N/A,N/A,N/A,,
BULK,guide_cap_xa_2025_b_01_ang_ky_quan_ly_cu_tru_ang_ky_thuong_tru_06_01,guide,,,xa,approved,supplemental,,N/A,,,,,N/A,,N/A,,N/A,N/A,N/A,,
BULK,guide_cap_xa_2025_b_01_ang_ky_quan_ly_cu_tru_ang_ky_thuong_tru_07_01,guide,,,xa,approved,supplemental,,N/A,,,,,N/A,,N/A,,N/A,N/A,N/A,,
BULK,guide_cap_xa_2025_b_01_ang_ky_quan_ly_cu_tru_ang_ky_thuong_tru_08_01,guide,,,xa,approved,supplemental,,N/A,,,,,N/A,,N/A,,N/A,N/A,N/A,broad,
BULK,guide_cap_xa_2025_b_01_ang_ky_quan_ly_cu_tru_ang_ky_thuong_tru_09_01,guide,,,xa,approved,supplemental,,N/A,,,,,N/A,,N/A,,N/A,N/A,N/A,,
BULK,guide_cap_xa_2025_b_01_ang_ky_quan_ly_cu_tru_ang_ky_thuong_tru_10_01,guide,,,xa,approved,supplemental,,N/A,,,,,N/A,,N/A,,N/A,N/A,N/A,,
BULK,guide_cap_xa_2025_b_01_ang_ky_quan_ly_cu_tru_ang_ky_thuong_tru_11_01,guide,,,xa,approved,supplemental,,N/A,,,,,N/A,,N/A,,N/A,N/A,N/A,,
BULK,guide_cap_xa_2025_b_02_ang_ky_quan_ly_cu_tru_xoa_ang_ky_thuong_tru_01_01,guide,,,xa,approved,supplemental,,N/A,,,,,N/A,,N/A,,N/A,N/A,N/A,broad,
BULK,guide_cap_xa_2025_b_03_ang_ky_quan_ly_cu_tru_tach_ho_01_01,guide,,,xa,approved,supplemental,,N/A,,,,,N/A,,N/A,,N/A,N/A,N/A,broad,
BULK,guide_cap_xa_2025_b_03_ang_ky_quan_ly_cu_tru_tach_ho_02_01,guide,,,xa,approved,supplemental,,N/A,,,,,N/A,,N/A,,N/A,N/A,N/A,broad,
BULK,guide_cap_xa_2025_b_03_ang_ky_quan_ly_cu_tru_tach_ho_03_01,guide,,,xa,approved,supplemental,,N/A,,,,,N/A,,N/A,,N/A,N/A,N/A,broad,
BULK,guide_cap_xa_2025_b_03_ang_ky_quan_ly_cu_tru_tach_ho_04_01,guide,,,xa,approved,supplemental,,N/A,,,,,N/A,,N/A,,N/A,N/A,N/A,,
BULK,guide_cap_xa_2025_b_03_ang_ky_quan_ly_cu_tru_tach_ho_05_01,guide,,,xa,approved,supplemental,,N/A,,,,,N/A,,N/A,,N/A,N/A,N/A,,
BULK,guide_cap_xa_2025_b_03_ang_ky_quan_ly_cu_tru_tach_ho_06_01,guide,,,xa,approved,supplemental,,N/A,,,,,N/A,,N/A,,N/A,N/A,N/A,,
BULK,guide_cap_xa_2025_b_03_ang_ky_quan_ly_cu_tru_tach_ho_07_01,guide,,,xa,approved,supplemental,,N/A,,,,,N/A,,N/A,,N/A,N/A,N/A,,
BULK,guide_cap_xa_2025_b_03_ang_ky_quan_ly_cu_tru_tach_ho_08_01,guide,,,xa,approved,supplemental,,N/A,,,,,N/A,,N/A,,N/A,N/A,N/A,broad,
BULK,guide_cap_xa_2025_b_03_ang_ky_quan_ly_cu_tru_tach_ho_09_01,guide,,,xa,approved,supplemental,,N/A,,,,,N/A,,N/A,,N/A,N/A,N/A,,
BULK,guide_cap_xa_2025_b_03_ang_ky_quan_ly_cu_tru_tach_ho_10_01,guide,,,xa,approved,supplemental,,N/A,,,,,N/A,,N/A,,N/A,N/A,N/A,,
BULK,guide_cap_xa_2025_b_03_ang_ky_quan_ly_cu_tru_tach_ho_11_01,guide,,,xa,approved,supplemental,,N/A,,,,,N/A,,N/A,,N/A,N/A,N/A,,
BULK,guide_cap_xa_2025_b_04_ang_ky_quan_ly_cu_tru_ieu_chinh_thong_tin_ve_cu_tru_trong_co_so_du_lieu_ve_cu_tru_01_01,guide,,,xa,approved,supplemental,,N/A,,,,,N/A,,N/A,,N/A,N/A,N/A,broad,
BULK,guide_cap_xa_2025_b_05_ang_ky_quan_ly_cu_tru_viec_nop_ho_so_ang_ky_cu_tru_01_01,guide,,,xa,approved,supplemental,,N/A,,,,,N/A,,N/A,,N/A,N/A,N/A,broad,
BULK,guide_cap_xa_2025_b_06_ang_ky_quan_ly_cu_tru_truong_hop_cong_dan_co_su_ieu_chinh_ve_ho_tich_ma_cac_thong_tin_nay_a_uoc_cap_nh_01_01,guide,,,xa,approved,supplemental,,N/A,,,,,N/A,,N/A,,N/A,N/A,N/A,,
BULK,guide_cap_xa_2025_b_07_ang_ky_quan_ly_cu_tru_ang_ky_tam_tru_01_01,guide,,,xa,approved,supplemental,,N/A,,,,,N/A,,N/A,,N/A,N/A,N/A,broad,
BULK,guide_cap_xa_2025_b_07_ang_ky_quan_ly_cu_tru_ang_ky_tam_tru_02_01,guide,,,xa,approved,supplemental,,N/A,,,,,N/A,,N/A,,N/A,N/A,N/A,broad,
BULK,guide_cap_xa_2025_b_07_ang_ky_quan_ly_cu_tru_ang_ky_tam_tru_03_01,guide,,,xa,approved,supplemental,,N/A,,,,,N/A,,N/A,,N/A,N/A,N/A,broad,
BULK,guide_cap_xa_2025_b_07_ang_ky_quan_ly_cu_tru_ang_ky_tam_tru_04_01,guide,,,xa,approved,supplemental,,N/A,,,,,N/A,,N/A,,N/A,N/A,N/A,,
BULK,guide_cap_xa_2025_b_07_ang_ky_quan_ly_cu_tru_ang_ky_tam_tru_05_01,guide,,,xa,approved,supplemental,,N/A,,,,,N/A,,N/A,,N/A,N/A,N/A,,
BULK,guide_cap_xa_2025_b_07_ang_ky_quan_ly_cu_tru_ang_ky_tam_tru_06_01,guide,,,xa,approved,supplemental,,N/A,,,,,N/A,,N/A,,N/A,N/A,N/A,,
BULK,guide_cap_xa_2025_b_07_ang_ky_quan_ly_cu_tru_ang_ky_tam_tru_07_01,guide,,,xa,approved,supplemental,,N/A,,,,,N/A,,N/A,,N/A,N/A,N/A,,
BULK,guide_cap_xa_2025_b_07_ang_ky_quan_ly_cu_tru_ang_ky_tam_tru_08_01,guide,,,xa,approved,supplemental,,N/A,,,,,N/A,,N/A,,N/A,N/A,N/A,broad,
BULK,guide_cap_xa_2025_b_07_ang_ky_quan_ly_cu_tru_ang_ky_tam_tru_09_01,guide,,,xa,approved,supplemental,,N/A,,,,,N/A,,N/A,,N/A,N/A,N/A,,
BULK,guide_cap_xa_2025_b_07_ang_ky_quan_ly_cu_tru_ang_ky_tam_tru_10_01,guide,,,xa,approved,supplemental,,N/A,,,,,N/A,,N/A,,N/A,N/A,N/A,,
BULK,guide_cap_xa_2025_b_07_ang_ky_quan_ly_cu_tru_ang_ky_tam_tru_11_01,guide,,,xa,approved,supplemental,,N/A,,,,,N/A,,N/A,,N/A,N/A,N/A,,
BULK,guide_cap_xa_2025_b_08_ang_ky_quan_ly_cu_tru_gia_han_tam_tru_01_01,guide,,,xa,approved,supplemental,,N/A,,,,,N/A,,N/A,,N/A,N/A,N/A,broad,
BULK,guide_cap_xa_2025_b_08_ang_ky_quan_ly_cu_tru_gia_han_tam_tru_02_01,guide,,,xa,approved,supplemental,,N/A,,,,,N/A,,N/A,,N/A,N/A,N/A,broad,
BULK,guide_cap_xa_2025_b_08_ang_ky_quan_ly_cu_tru_gia_han_tam_tru_03_01,guide,,,xa,approved,supplemental,,N/A,,,,,N/A,,N/A,,N/A,N/A,N/A,broad,
BULK,guide_cap_xa_2025_b_08_ang_ky_quan_ly_cu_tru_gia_han_tam_tru_04_01,guide,,,xa,approved,supplemental,,N/A,,,,,N/A,,N/A,,N/A,N/A,N/A,,
BULK,guide_cap_xa_2025_b_08_ang_ky_quan_ly_cu_tru_gia_han_tam_tru_05_01,guide,,,xa,approved,supplemental,,N/A,,,,,N/A,,N/A,,N/A,N/A,N/A,,
BULK,guide_cap_xa_2025_b_08_ang_ky_quan_ly_cu_tru_gia_han_tam_tru_06_01,guide,,,xa,approved,supplemental,,N/A,,,,,N/A,,N/A,,N/A,N/A,N/A,,
BULK,guide_cap_xa_2025_b_08_ang_ky_quan_ly_cu_tru_gia_han_tam_tru_07_01,guide,,,xa,approved,supplemental,,N/A,,,,,N/A,,N/A,,N/A,N/A,N/A,,
BULK,guide_cap_xa_2025_b_08_ang_ky_quan_ly_cu_tru_gia_han_tam_tru_08_01,guide,,,xa,approved,supplemental,,N/A,,,,,N/A,,N/A,,N/A,N/A,N/A,broad,
BULK,guide_cap_xa_2025_b_08_ang_ky_quan_ly_cu_tru_gia_han_tam_tru_09_01,guide,,,xa,approved,supplemental,,N/A,,,,,N/A,,N/A,,N/A,N/A,N/A,,
BULK,guide_cap_xa_2025_b_08_ang_ky_quan_ly_cu_tru_gia_han_tam_tru_10_01,guide,,,xa,approved,supplemental,,N/A,,,,,N/A,,N/A,,N/A,N/A,N/A,,
BULK,guide_cap_xa_2025_b_08_ang_ky_quan_ly_cu_tru_gia_han_tam_tru_11_01,guide,,,xa,approved,supplemental,,N/A,,,,,N/A,,N/A,,N/A,N/A,N/A,,
BULK,guide_cap_xa_2025_b_09_ang_ky_quan_ly_cu_tru_xoa_ang_ky_tam_tru_01_01,guide,,,xa,approved,supplemental,,N/A,,,,,N/A,,N/A,,N/A,N/A,N/A,broad,
BULK,guide_cap_xa_2025_b_10_ang_ky_quan_ly_cu_tru_khai_bao_thong_tin_ve_cu_tru_oi_voi_nguoi_chua_u_ieu_kien_ang_ky_thuong_tru_ang__01_01,guide,,,xa,approved,supplemental,,N/A,,,,,N/A,,N/A,,N/A,N/A,N/A,broad,
BULK,guide_cap_xa_2025_b_11_ang_ky_quan_ly_cu_tru_thong_bao_luu_tru_01_01,guide,,,xa,approved,supplemental,,N/A,,,,,N/A,,N/A,,N/A,N/A,N/A,broad,
BULK,guide_cap_xa_2025_b_12_ang_ky_quan_ly_cu_tru_khai_bao_tam_vang_01_01,guide,,,xa,approved,supplemental,,N/A,,,,,N/A,,N/A,,N/A,N/A,N/A,broad,
BULK,guide_cap_xa_2025_b_13_ang_ky_quan_ly_cu_tru_xac_nhan_thong_tin_ve_cu_tru_01_01,guide,,,xa,approved,supplemental,,N/A,,,,,N/A,,N/A,,N/A,N/A,N/A,broad,
BULK,guide_cap_xa_2025_c_01_khieu_nai_to_cao_giai_quyet_khieu_nai_ve_quyet_inh_hanh_chinh_hanh_vi_hanh_chinh_cua_cong_dan_oi__01_01,guide,,,xa,approved,supplemental,,N/A,,,,,N/A,,N/A,,N/A,N/A,N/A,,
BULK,guide_cap_xa_2025_c_02_khieu_nai_to_cao_giai_quyet_to_cao_khong_thuoc_linh_vuc_to_tung_hinh_su_cua_cong_dan_oi_voi_luc_l_01_01,guide,,,xa,approved,supplemental,,N/A,,,,,N/A,,N/A,,N/A,N/A,N/A,,
BULK,guide_cap_xa_2025_c_02_khieu_nai_to_cao_giai_quyet_to_cao_khong_thuoc_linh_vuc_to_tung_hinh_su_cua_cong_dan_oi_voi_luc_l_02_01,guide,,,xa,approved,supplemental,,N/A,,,,,N/A,,N/A,,N/A,N/A,N/A,,
BULK,guide_cap_xa_2025_c_02_khieu_nai_to_cao_giai_quyet_to_cao_khong_thuoc_linh_vuc_to_tung_hinh_su_cua_cong_dan_oi_voi_luc_l_03_01,guide,,,xa,approved,supplemental,,N/A,,,,,N/A,,N/A,,N/A,N/A,N/A,,
BULK,guide_cap_xa_2025_c_02_khieu_nai_to_cao_giai_quyet_to_cao_khong_thuoc_linh_vuc_to_tung_hinh_su_cua_cong_dan_oi_voi_luc_l_04_01,guide,,,xa,approved,supplemental,,N/A,,,,,N/A,,N/A,,N/A,N/A,N/A,,
BULK,guide_cap_xa_2025_c_02_khieu_nai_to_cao_giai_quyet_to_cao_khong_thuoc_linh_vuc_to_tung_hinh_su_cua_cong_dan_oi_voi_luc_l_05_01,guide,,,xa,approved,supplemental,,N/A,,,,,N/A,,N/A,,N/A,N/A,N/A,,
BULK,guide_cap_xa_2025_c_02_khieu_nai_to_cao_giai_quyet_to_cao_khong_thuoc_linh_vuc_to_tung_hinh_su_cua_cong_dan_oi_voi_luc_l_06_01,guide,,,xa,approved,supplemental,,N/A,,,,,N/A,,N/A,,N/A,N/A,N/A,,
BULK,guide_cap_xa_2025_c_02_khieu_nai_to_cao_giai_quyet_to_cao_khong_thuoc_linh_vuc_to_tung_hinh_su_cua_cong_dan_oi_voi_luc_l_07_01,guide,,,xa,approved,supplemental,,N/A,,,,,N/A,,N/A,,N/A,N/A,N/A,,
BULK,guide_cap_xa_2025_c_02_khieu_nai_to_cao_giai_quyet_to_cao_khong_thuoc_linh_vuc_to_tung_hinh_su_cua_cong_dan_oi_voi_luc_l_08_01,guide,,,xa,approved,supplemental,,N/A,,,,,N/A,,N/A,,N/A,N/A,N/A,,
BULK,guide_cap_xa_2025_c_02_khieu_nai_to_cao_giai_quyet_to_cao_khong_thuoc_linh_vuc_to_tung_hinh_su_cua_cong_dan_oi_voi_luc_l_09_01,guide,,,xa,approved,supplemental,,N/A,,,,,N/A,,N/A,,N/A,N/A,N/A,,
BULK,guide_cap_xa_2025_c_02_khieu_nai_to_cao_giai_quyet_to_cao_khong_thuoc_linh_vuc_to_tung_hinh_su_cua_cong_dan_oi_voi_luc_l_10_01,guide,,,xa,approved,supplemental,,N/A,,,,,N/A,,N/A,,N/A,N/A,N/A,,
BULK,guide_cap_xa_2025_c_02_khieu_nai_to_cao_giai_quyet_to_cao_khong_thuoc_linh_vuc_to_tung_hinh_su_cua_cong_dan_oi_voi_luc_l_11_01,guide,,,xa,approved,supplemental,,N/A,,,,,N/A,,N/A,,N/A,N/A,N/A,,
BULK,guide_cap_xa_2025_d_01_quan_ly_vu_khi_vat_lieu_no_cong_cu_ho_tr_khai_bao_vu_khi_tho_so_la_hien_vat_trung_bay_trien_lam_lam_o_gia_bao_01_01,guide,,,xa,approved,supplemental,,N/A,,,,,N/A,,N/A,,N/A,N/A,N/A,broad,
BULK,guide_cap_xa_2025_e_01_ang_ky_xe_ang_ky_xe_lan_au_truc_tuyen_toan_trinh_oi_voi_xe_san_xuat_lap_rap_trong_nuoc_thu_01_01,guide,,,xa,approved,supplemental,,N/A,,,,,N/A,,N/A,,N/A,N/A,N/A,broad,
BULK,guide_cap_xa_2025_e_02_ang_ky_xe_ang_ky_xe_lan_au_truc_tuyen_toan_trinh_oi_voi_xe_nhap_khau_thuc_hien_tai_cong_an_01_01,guide,,,xa,approved,supplemental,,N/A,,,,,N/A,,N/A,,N/A,N/A,N/A,broad,
BULK,guide_cap_xa_2025_e_03_ang_ky_xe_ang_ky_cap_bien_so_xe_lan_au_thuc_hien_bang_dich_vu_cong_mot_phan_hoac_truc_tiep_01_01,guide,,,xa,approved,supplemental,,N/A,,,,,N/A,,N/A,,N/A,N/A,N/A,broad,
BULK,guide_cap_xa_2025_e_04_ang_ky_xe_cap_chung_nhan_ang_ky_xe_bien_so_xe_trong_truong_hop_thay_oi_chu_xe_ang_ky_sang__01_01,guide,,,xa,approved,supplemental,,N/A,,,,,N/A,,N/A,,N/A,N/A,N/A,broad,
BULK,guide_cap_xa_2025_e_04_ang_ky_xe_cap_chung_nhan_ang_ky_xe_bien_so_xe_trong_truong_hop_thay_oi_chu_xe_ang_ky_sang__02_01,guide,,,xa,approved,supplemental,,N/A,,,,,N/A,,N/A,,N/A,N/A,N/A,broad,
BULK,guide_cap_xa_2025_e_04_ang_ky_xe_cap_chung_nhan_ang_ky_xe_bien_so_xe_trong_truong_hop_thay_oi_chu_xe_ang_ky_sang__03_01,guide,,,xa,approved,supplemental,,N/A,,,,,N/A,,N/A,,N/A,N/A,N/A,,
BULK,guide_cap_xa_2025_e_04_ang_ky_xe_cap_chung_nhan_ang_ky_xe_bien_so_xe_trong_truong_hop_thay_oi_chu_xe_ang_ky_sang__04_01,guide,,,xa,approved,supplemental,,N/A,,,,,N/A,,N/A,,N/A,N/A,N/A,,
BULK,guide_cap_xa_2025_e_04_ang_ky_xe_cap_chung_nhan_ang_ky_xe_bien_so_xe_trong_truong_hop_thay_oi_chu_xe_ang_ky_sang__05_01,guide,,,xa,approved,supplemental,,N/A,,,,,N/A,,N/A,,N/A,N/A,N/A,,
BULK,guide_cap_xa_2025_e_04_ang_ky_xe_cap_chung_nhan_ang_ky_xe_bien_so_xe_trong_truong_hop_thay_oi_chu_xe_ang_ky_sang__06_01,guide,,,xa,approved,supplemental,,N/A,,,,,N/A,,N/A,,N/A,N/A,N/A,,
BULK,guide_cap_xa_2025_e_04_ang_ky_xe_cap_chung_nhan_ang_ky_xe_bien_so_xe_trong_truong_hop_thay_oi_chu_xe_ang_ky_sang__07_01,guide,,,xa,approved,supplemental,,N/A,,,,,N/A,,N/A,,N/A,N/A,N/A,,
BULK,guide_cap_xa_2025_e_04_ang_ky_xe_cap_chung_nhan_ang_ky_xe_bien_so_xe_trong_truong_hop_thay_oi_chu_xe_ang_ky_sang__08_01,guide,,,xa,approved,supplemental,,N/A,,,,,N/A,,N/A,,N/A,N/A,N/A,,
BULK,guide_cap_xa_2025_e_04_ang_ky_xe_cap_chung_nhan_ang_ky_xe_bien_so_xe_trong_truong_hop_thay_oi_chu_xe_ang_ky_sang__09_01,guide,,,xa,approved,supplemental,,N/A,,,,,N/A,,N/A,,N/A,N/A,N/A,,
BULK,guide_cap_xa_2025_e_04_ang_ky_xe_cap_chung_nhan_ang_ky_xe_bien_so_xe_trong_truong_hop_thay_oi_chu_xe_ang_ky_sang__10_01,guide,,,xa,approved,supplemental,,N/A,,,,,N/A,,N/A,,N/A,N/A,N/A,,
BULK,guide_cap_xa_2025_e_04_ang_ky_xe_cap_chung_nhan_ang_ky_xe_bien_so_xe_trong_truong_hop_thay_oi_chu_xe_ang_ky_sang__11_01,guide,,,xa,approved,supplemental,,N/A,,,,,N/A,,N/A,,N/A,N/A,N/A,,
BULK,guide_cap_xa_2025_e_05_ang_ky_xe_oi_chung_nhan_ang_ky_xe_bien_so_xe_thuc_hien_tai_cong_an_cap_xa_01_01,guide,,,xa,approved,supplemental,,N/A,,,,,N/A,,N/A,,N/A,N/A,N/A,broad,
BULK,guide_cap_xa_2025_e_06_ang_ky_xe_cap_lai_chung_nhan_ang_ky_xe_bien_so_xe_thuc_hien_bang_dich_vu_cong_truc_tuyen_t_01_01,guide,,,xa,approved,supplemental,,N/A,,,,,N/A,,N/A,,N/A,N/A,N/A,,
BULK,guide_cap_xa_2025_e_07_ang_ky_xe_cap_lai_chung_nhan_ang_ky_xe_bien_so_xe_thuc_hien_bang_dich_vu_cong_truc_tuyen_m_01_01,guide,,,xa,approved,supplemental,,N/A,,,,,N/A,,N/A,,N/A,N/A,N/A,broad,
BULK,guide_cap_xa_2025_e_08_ang_ky_xe_ang_ky_xe_tam_thoi_thuc_hien_bang_dich_vu_cong_truc_tuyen_toan_trinh_tai_cong_an_01_01,guide,,,xa,approved,supplemental,,N/A,,,,,N/A,,N/A,,N/A,N/A,N/A,broad,
BULK,guide_cap_xa_2025_e_09_ang_ky_xe_ang_ky_xe_tam_thoi_thuc_hien_bang_dich_vu_cong_truc_tuyen_mot_phan_hoac_truc_tie_01_01,guide,,,xa,approved,supplemental,,N/A,,,,,N/A,,N/A,,N/A,N/A,N/A,broad,
BULK,guide_cap_xa_2025_e_09_ang_ky_xe_ang_ky_xe_tam_thoi_thuc_hien_bang_dich_vu_cong_truc_tuyen_mot_phan_hoac_truc_tie_02_01,guide,,,xa,approved,supplemental,,N/A,,,,,N/A,,N/A,,N/A,N/A,N/A,broad,
BULK,guide_cap_xa_2025_e_09_ang_ky_xe_ang_ky_xe_tam_thoi_thuc_hien_bang_dich_vu_cong_truc_tuyen_mot_phan_hoac_truc_tie_03_01,guide,,,xa,approved,supplemental,,N/A,,,,,N/A,,N/A,,N/A,N/A,N/A,broad,
BULK,guide_cap_xa_2025_e_09_ang_ky_xe_ang_ky_xe_tam_thoi_thuc_hien_bang_dich_vu_cong_truc_tuyen_mot_phan_hoac_truc_tie_04_01,guide,,,xa,approved,supplemental,,N/A,,,,,N/A,,N/A,,N/A,N/A,N/A,broad,
BULK,guide_cap_xa_2025_e_09_ang_ky_xe_ang_ky_xe_tam_thoi_thuc_hien_bang_dich_vu_cong_truc_tuyen_mot_phan_hoac_truc_tie_05_01,guide,,,xa,approved,supplemental,,N/A,,,,,N/A,,N/A,,N/A,N/A,N/A,broad,
BULK,guide_cap_xa_2025_e_09_ang_ky_xe_ang_ky_xe_tam_thoi_thuc_hien_bang_dich_vu_cong_truc_tuyen_mot_phan_hoac_truc_tie_06_01,guide,,,xa,approved,supplemental,,N/A,,,,,N/A,,N/A,,N/A,N/A,N/A,broad,
BULK,guide_cap_xa_2025_e_09_ang_ky_xe_ang_ky_xe_tam_thoi_thuc_hien_bang_dich_vu_cong_truc_tuyen_mot_phan_hoac_truc_tie_07_01,guide,,,xa,approved,supplemental,,N/A,,,,,N/A,,N/A,,N/A,N/A,N/A,broad,
BULK,guide_cap_xa_2025_e_09_ang_ky_xe_ang_ky_xe_tam_thoi_thuc_hien_bang_dich_vu_cong_truc_tuyen_mot_phan_hoac_truc_tie_08_01,guide,,,xa,approved,supplemental,,N/A,,,,,N/A,,N/A,,N/A,N/A,N/A,broad,
BULK,guide_cap_xa_2025_e_09_ang_ky_xe_ang_ky_xe_tam_thoi_thuc_hien_bang_dich_vu_cong_truc_tuyen_mot_phan_hoac_truc_tie_09_01,guide,,,xa,approved,supplemental,,N/A,,,,,N/A,,N/A,,N/A,N/A,N/A,broad,
BULK,guide_cap_xa_2025_e_09_ang_ky_xe_ang_ky_xe_tam_thoi_thuc_hien_bang_dich_vu_cong_truc_tuyen_mot_phan_hoac_truc_tie_10_01,guide,,,xa,approved,supplemental,,N/A,,,,,N/A,,N/A,,N/A,N/A,N/A,broad,
BULK,guide_cap_xa_2025_e_09_ang_ky_xe_ang_ky_xe_tam_thoi_thuc_hien_bang_dich_vu_cong_truc_tuyen_mot_phan_hoac_truc_tie_11_01,guide,,,xa,approved,supplemental,,N/A,,,,,N/A,,N/A,,N/A,N/A,N/A,broad,
BULK,guide_cap_xa_2025_e_09_ang_ky_xe_ang_ky_xe_tam_thoi_thuc_hien_bang_dich_vu_cong_truc_tuyen_mot_phan_hoac_truc_tie_12_01,guide,,,xa,approved,supplemental,,N/A,,,,,N/A,,N/A,,N/A,N/A,N/A,broad,
BULK,guide_cap_xa_2025_e_10_ang_ky_xe_thu_hoi_chung_nhan_ang_ky_xe_bien_so_xe_thuc_hien_bang_dich_vu_cong_toan_trinh_t_01_01,guide,,,xa,approved,supplemental,,N/A,,,,,N/A,,N/A,,N/A,N/A,N/A,broad,
BULK,guide_cap_xa_2025_e_11_ang_ky_xe_thu_hoi_giay_chung_nhan_ang_ky_bien_so_xe_thuc_hien_bang_dich_vu_cong_truc_tuyen_01_01,guide,,,xa,approved,supplemental,,N/A,,,,,N/A,,N/A,,N/A,N/A,N/A,broad,
BULK,guide_cap_xa_2025_file_1_01_quan_ly_nganh_nghe_au_tu_kinh_doanh_co_i_cap_moi_giay_chung_nhan_u_ieu_kien_ve_an_ninh_trat_tu_01_01,guide,,,xa,approved,supplemental,,N/A,,,,,N/A,,N/A,,N/A,N/A,N/A,broad,
BULK,guide_cap_xa_2025_file_1_01_quan_ly_nganh_nghe_au_tu_kinh_doanh_co_i_cap_moi_giay_chung_nhan_u_ieu_kien_ve_an_ninh_trat_tu_02_01,guide,,,xa,approved,supplemental,,N/A,,,,,N/A,,N/A,,N/A,N/A,N/A,broad,
BULK,guide_cap_xa_2025_file_1_01_quan_ly_nganh_nghe_au_tu_kinh_doanh_co_i_cap_moi_giay_chung_nhan_u_ieu_kien_ve_an_ninh_trat_tu_03_01,guide,,,xa,approved,supplemental,,N/A,,,,,N/A,,N/A,,N/A,N/A,N/A,broad,
BULK,guide_cap_xa_2025_file_1_01_quan_ly_nganh_nghe_au_tu_kinh_doanh_co_i_cap_moi_giay_chung_nhan_u_ieu_kien_ve_an_ninh_trat_tu_04_01,guide,,,xa,approved,supplemental,,N/A,,,,,N/A,,N/A,,N/A,N/A,N/A,,
BULK,guide_cap_xa_2025_file_1_01_quan_ly_nganh_nghe_au_tu_kinh_doanh_co_i_cap_moi_giay_chung_nhan_u_ieu_kien_ve_an_ninh_trat_tu_05_01,guide,,,xa,approved,supplemental,,N/A,,,,,N/A,,N/A,,N/A,N/A,N/A,,
BULK,guide_cap_xa_2025_file_1_01_quan_ly_nganh_nghe_au_tu_kinh_doanh_co_i_cap_moi_giay_chung_nhan_u_ieu_kien_ve_an_ninh_trat_tu_06_01,guide,,,xa,approved,supplemental,,N/A,,,,,N/A,,N/A,,N/A,N/A,N/A,,
BULK,guide_cap_xa_2025_file_1_01_quan_ly_nganh_nghe_au_tu_kinh_doanh_co_i_cap_moi_giay_chung_nhan_u_ieu_kien_ve_an_ninh_trat_tu_07_01,guide,,,xa,approved,supplemental,,N/A,,,,,N/A,,N/A,,N/A,N/A,N/A,,
BULK,guide_cap_xa_2025_file_1_01_quan_ly_nganh_nghe_au_tu_kinh_doanh_co_i_cap_moi_giay_chung_nhan_u_ieu_kien_ve_an_ninh_trat_tu_08_01,guide,,,xa,approved,supplemental,,N/A,,,,,N/A,,N/A,,N/A,N/A,N/A,,
BULK,guide_cap_xa_2025_file_1_01_quan_ly_nganh_nghe_au_tu_kinh_doanh_co_i_cap_moi_giay_chung_nhan_u_ieu_kien_ve_an_ninh_trat_tu_09_01,guide,,,xa,approved,supplemental,,N/A,,,,,N/A,,N/A,,N/A,N/A,N/A,,
BULK,guide_cap_xa_2025_file_1_01_quan_ly_nganh_nghe_au_tu_kinh_doanh_co_i_cap_moi_giay_chung_nhan_u_ieu_kien_ve_an_ninh_trat_tu_10_01,guide,,,xa,approved,supplemental,,N/A,,,,,N/A,,N/A,,N/A,N/A,N/A,,
BULK,guide_cap_xa_2025_file_1_01_quan_ly_nganh_nghe_au_tu_kinh_doanh_co_i_cap_moi_giay_chung_nhan_u_ieu_kien_ve_an_ninh_trat_tu_11_01,guide,,,xa,approved,supplemental,,N/A,,,,,N/A,,N/A,,N/A,N/A,N/A,,
BULK,guide_cap_xa_2025_file_2_02_quan_ly_nganh_nghe_au_tu_kinh_doanh_co_i_cap_oi_giay_chung_nhan_u_ieu_kien_ve_an_ninh_trat_tu_01_01,guide,,,xa,approved,supplemental,,N/A,,,,,N/A,,N/A,,N/A,N/A,N/A,broad,
BULK,guide_cap_xa_2025_file_3_03_quan_ly_nganh_nghe_au_tu_kinh_doanh_co_i_cap_lai_giay_chung_nhan_u_ieu_kien_ve_an_ninh_trat_tu_01_01,guide,,,xa,approved,supplemental,,N/A,,,,,N/A,,N/A,,N/A,N/A,N/A,broad,
BULK,guide_cap_xa_2025_g_01_can_cuoc_khai_thac_thong_tin_cong_dan_trong_co_so_du_lieu_quoc_gia_ve_dan_cu_01_01,guide,,,xa,approved,supplemental,,N/A,,,,,N/A,,N/A,,N/A,N/A,N/A,broad,
BULK,guide_cap_xa_2025_g_02_can_cuoc_khai_thac_thong_tin_cua_cong_dan_trong_co_so_du_lieu_can_cuoc_01_01,guide,,,xa,approved,supplemental,,N/A,,,,,N/A,,N/A,,N/A,N/A,N/A,broad,
BULK,guide_cap_xa_2025_g_03_can_cuoc_khai_thac_thong_tin_nguoi_goc_viet_nam_chua_xac_inh_uoc_quoc_tich_trong_co_so_du_01_01,guide,,,xa,approved,supplemental,,N/A,,,,,N/A,,N/A,,N/A,N/A,N/A,broad,
BULK,guide_cap_xa_2025_g_04_can_cuoc_khai_thac_thong_tin_nguoi_goc_viet_nam_chua_xac_inh_uoc_quoc_tich_trong_co_so_du_01_01,guide,,,xa,approved,supplemental,,N/A,,,,,N/A,,N/A,,N/A,N/A,N/A,broad,
BULK,guide_cap_xa_2025_g_05_can_cuoc_khai_thac_thong_tin_nguoi_goc_viet_nam_chua_xac_inh_uoc_quoc_tich_trong_co_so_du_01_01,guide,,,xa,approved,supplemental,,N/A,,,,,N/A,,N/A,,N/A,N/A,N/A,broad,
BULK,guide_cap_xa_2025_g_06_can_cuoc_ieu_chinh_thong_tin_trong_co_so_du_lieu_quoc_gia_ve_dan_cu_theo_e_nghi_cua_cong__01_01,guide,,,xa,approved,supplemental,,N/A,,,,,N/A,,N/A,,N/A,N/A,N/A,broad,
BULK,guide_cap_xa_2025_g_07_can_cuoc_huy_xac_lap_lai_so_inh_danh_ca_nhan_01_01,guide,,,xa,approved,supplemental,,N/A,,,,,N/A,,N/A,,N/A,N/A,N/A,broad,
BULK,guide_cap_xa_2025_g_08_can_cuoc_cap_xac_nhan_so_chung_minh_nhan_dan_09_so_so_inh_danh_ca_nhan_01_01,guide,,,xa,approved,supplemental,,N/A,,,,,N/A,,N/A,,N/A,N/A,N/A,strict,
BULK,guide_cap_xa_2025_g_09_can_cuoc_thu_thap_cap_nhat_thong_tin_sinh_trac_hoc_ve_adn_vao_co_so_du_lieu_ve_can_cuoc_01_01,guide,,,xa,approved,supplemental,,N/A,,,,,N/A,,N/A,,N/A,N/A,N/A,broad,
BULK,guide_cap_xa_2025_g_10_can_cuoc_thu_thap_cap_nhat_thong_tin_sinh_trac_hoc_ve_giong_noi_vao_co_so_du_lieu_ve_can__01_01,guide,,,xa,approved,supplemental,,N/A,,,,,N/A,,N/A,,N/A,N/A,N/A,broad,
BULK,guide_cap_xa_2025_g_11_can_cuoc_tich_hop_cap_nhat_ieu_chinh_thong_tin_tren_the_can_cuoc_01_01,guide,,,xa,approved,supplemental,,N/A,,,,,N/A,,N/A,,N/A,N/A,N/A,broad,
BULK,guide_cap_xa_2025_g_12_can_cuoc_cap_the_can_cuoc_cho_nguoi_tu_u_14_tuoi_tro_len_01_01,guide,,,xa,approved,supplemental,,N/A,,,,,N/A,,N/A,,N/A,N/A,N/A,broad,
BULK,guide_cap_xa_2025_g_13_can_cuoc_cap_the_can_cuoc_cho_nguoi_duoi_14_tuoi_01_01,guide,,,xa,approved,supplemental,,N/A,,,,,N/A,,N/A,,N/A,N/A,N/A,broad,
BULK,guide_cap_xa_2025_g_14_can_cuoc_cap_oi_the_can_cuoc_01_01,guide,,,xa,approved,supplemental,,N/A,,,,,N/A,,N/A,,N/A,N/A,N/A,broad,
BULK,guide_cap_xa_2025_g_15_can_cuoc_cap_lai_the_can_cuoc_01_01,guide,,,xa,approved,supplemental,,N/A,,,,,N/A,,N/A,,N/A,N/A,N/A,broad,
BULK,guide_cap_xa_2025_g_16_can_cuoc_cap_oi_giay_chung_nhan_can_cuoc_01_01,guide,,,xa,approved,supplemental,,N/A,,,,,N/A,,N/A,,N/A,N/A,N/A,broad,
BULK,guide_cap_xa_2025_g_17_can_cuoc_cap_lai_giay_chung_nhan_can_cuoc_01_01,guide,,,xa,approved,supplemental,,N/A,,,,,N/A,,N/A,,N/A,N/A,N/A,broad,
BULK,guide_cap_xa_2025_g_18_can_cuoc_thu_thap_cap_nhat_thong_tin_cua_nguoi_goc_viet_nam_chua_xac_inh_uoc_quoc_tich_va_01_01,guide,,,xa,approved,supplemental,,N/A,,,,,N/A,,N/A,,N/A,N/A,N/A,broad,
BULK,guide_cap_xa_2025_g_19_can_cuoc_ieu_chinh_thong_tin_trong_co_so_du_lieu_quoc_gia_ve_dan_cu_co_so_du_lieu_can_cuo_01_01,guide,,,xa,approved,supplemental,,N/A,,,,,N/A,,N/A,,N/A,N/A,N/A,broad,
BULK,guide_cap_xa_2025_h_01_inh_danh_va_xac_thuc_ien_tu_cap_tai_khoan_inh_danh_ien_tu_muc_o_02_can_cuoc_ien_tu_cho_cong_dan_viet_nam_01_01,guide,,,xa,approved,supplemental,,N/A,,,,,N/A,,N/A,,N/A,N/A,N/A,broad,
BULK,guide_cap_xa_2025_h_02_inh_danh_va_xac_thuc_ien_tu_khoa_tai_khoan_inh_danh_ien_tu_01_01,guide,,,xa,approved,supplemental,,N/A,,,,,N/A,,N/A,,N/A,N/A,N/A,broad,
BULK,guide_cap_xa_2025_h_03_inh_danh_va_xac_thuc_ien_tu_mo_khoa_tai_khoan_inh_danh_ien_tu_01_01,guide,,,xa,approved,supplemental,,N/A,,,,,N/A,,N/A,,N/A,N/A,N/A,broad,
BULK,guide_cap_xa_2025_h_04_inh_danh_va_xac_thuc_ien_tu_khoa_can_cuoc_ien_tu_01_01,guide,,,xa,approved,supplemental,,N/A,,,,,N/A,,N/A,,N/A,N/A,N/A,broad,
BULK,guide_cap_xa_2025_h_05_inh_danh_va_xac_thuc_ien_tu_mo_khoa_can_cuoc_ien_tu_01_01,guide,,,xa,approved,supplemental,,N/A,,,,,N/A,,N/A,,N/A,N/A,N/A,broad,
BULK,guide_cap_xa_2025_h_06_inh_danh_va_xac_thuc_ien_tu_cap_tai_khoan_inh_danh_ien_tu_cho_co_quan_to_chuc_01_01,guide,,,xa,approved,supplemental,,N/A,,,,,N/A,,N/A,,N/A,N/A,N/A,broad,
BULK,guide_nnn_anh_chan_dung_4x6_nnn_2,guide,,,,approved,supplemental,,N/A,,,,,N/A,,N/A,,N/A,N/A,N/A,,
BULK,guide_nnn_dang_nhap_dvc_bca_to_chuc_1,guide,,,,approved,supplemental,,N/A,,,,,N/A,,N/A,,N/A,N/A,N/A,,
BULK,guide_nnn_dia_chi_tam_tru_chi_tiet_nnn_4,guide,,,,approved,supplemental,,N/A,,,,,N/A,,N/A,,N/A,N/A,N/A,,
BULK,guide_nnn_ghtt_cho_giay_phep_lao_dong_17,guide,,,,approved,supplemental,,N/A,,,,,N/A,,N/A,,N/A,N/A,N/A,,
BULK,guide_nnn_ghtt_hai_truong_hop_14,guide,,,,approved,supplemental,,N/A,,,,,N/A,,N/A,,N/A,N/A,N/A,,
BULK,guide_nnn_ghtt_mau_na5_cach_dien_15,guide,,,,approved,supplemental,,N/A,,,,,N/A,,N/A,,N/A,N/A,N/A,,
BULK,guide_nnn_ghtt_nghi_viec_xuat_canh_16,guide,,,,approved,supplemental,,N/A,,,,,N/A,,N/A,,N/A,N/A,N/A,,
BULK,guide_nnn_ghtt_tai_lieu_doi_chieu_18,guide,,,,approved,supplemental,,N/A,,,,,N/A,,N/A,,N/A,N/A,N/A,,
BULK,guide_nnn_scan_trang_nhan_than_ho_chieu_nnn_3,guide,,,,approved,supplemental,,N/A,,,,,N/A,,N/A,,N/A,N/A,N/A,,
BULK,guide_nnn_tham_quyen_tiep_nhan_ho_so_nnn_phu_tho_5,guide,,,,approved,supplemental,,N/A,,,,,N/A,,N/A,,N/A,N/A,N/A,,
BULK,guide_nnn_the_tam_tru_giay_to_chung_minh_muc_dich_8,guide,,,,approved,supplemental,,N/A,,,,,N/A,,N/A,,N/A,N/A,N/A,,
BULK,guide_nnn_the_tam_tru_na6_6,guide,,,,approved,supplemental,,N/A,,,,,N/A,,N/A,,N/A,N/A,N/A,,
BULK,guide_nnn_the_tam_tru_na8_7,guide,,,,approved,supplemental,,N/A,,,,,N/A,,N/A,,N/A,N/A,N/A,,
BULK,guide_nnn_the_tam_tru_tai_lieu_doi_chieu_9,guide,,,,approved,supplemental,,N/A,,,,,N/A,,N/A,,N/A,N/A,N/A,,
BULK,guide_nnn_thi_thuc_gia_han_tam_tru_giay_to_chung_minh_12,guide,,,,approved,supplemental,,N/A,,,,,N/A,,N/A,,N/A,N/A,N/A,,
BULK,guide_nnn_thi_thuc_gia_han_tam_tru_mau_na5_moi_10,guide,,,,approved,supplemental,,N/A,,,,,N/A,,N/A,,N/A,N/A,N/A,,
BULK,guide_nnn_thi_thuc_gia_han_tam_tru_na5_muc_iii_11,guide,,,,approved,supplemental,,N/A,,,,,N/A,,N/A,,N/A,N/A,N/A,,
BULK,guide_nnn_thi_thuc_gia_han_tam_tru_tai_lieu_doi_chieu_13,guide,,,,approved,supplemental,,N/A,,,,,N/A,,N/A,,N/A,N/A,N/A,,
BULK,guide_passport_online_13_10_co_nen_thue_dich_vu_lam_ho_chieu_online_27,guide,,,,approved,supplemental,,N/A,,,,,N/A,,N/A,,N/A,N/A,N/A,,
BULK,guide_passport_online_13_11_ho_chieu_con_duoi_6_thang_co_can_oi_khong_28,guide,,,,approved,supplemental,,N/A,,,,,N/A,,N/A,,N/A,N/A,N/A,,
BULK,guide_passport_online_13_8_co_can_nop_ho_chieu_cu_khong_25,guide,,,,approved,supplemental,,N/A,,,,,N/A,,N/A,,N/A,N/A,N/A,strict,
BULK,guide_passport_online_an_toan_thong_tin_38,guide,,,,approved,supplemental,,N/A,,,,,N/A,,N/A,,N/A,N/A,N/A,,
BULK,guide_passport_online_anh_ho_chieu_20,guide,,,,approved,supplemental,,N/A,,,,,N/A,,N/A,,N/A,N/A,N/A,,
BULK,guide_passport_online_anh_ho_chieu_36,guide,,,,approved,supplemental,,N/A,,,,,N/A,,N/A,,N/A,N/A,N/A,,
BULK,guide_passport_online_anh_ho_chieu_7,guide,,,,approved,supplemental,,N/A,,,,,N/A,,N/A,,N/A,N/A,N/A,,
BULK,guide_passport_online_bo_sung_ho_so_22,guide,,,,approved,supplemental,,N/A,,,,,N/A,,N/A,,N/A,N/A,N/A,,
BULK,guide_passport_online_co_quan_tiep_nhan_11,guide,,,,approved,supplemental,,N/A,,,,,N/A,,N/A,,N/A,N/A,N/A,,
BULK,guide_passport_online_co_quan_tiep_nhan_12,guide,,,,approved,supplemental,,N/A,,,,,N/A,,N/A,,N/A,N/A,N/A,,
BULK,guide_passport_online_co_quan_tiep_nhan_23,guide,,,,approved,supplemental,,N/A,,,,,N/A,,N/A,,N/A,N/A,N/A,,
BULK,guide_passport_online_dieu_kien_3,guide,,,,approved,supplemental,,N/A,,,,,N/A,,N/A,,N/A,N/A,N/A,,
BULK,guide_passport_online_dvc_quy_trinh_9,guide,,,,approved,supplemental,,N/A,,,,,N/A,,N/A,,N/A,N/A,N/A,,
BULK,guide_passport_online_gan_chip_15,guide,,,,approved,supplemental,,N/A,,,,,N/A,,N/A,,N/A,N/A,N/A,,
BULK,guide_passport_online_guardrail_1,guide,,,,approved,supplemental,,N/A,,,,,N/A,,N/A,,N/A,N/A,N/A,,
BULK,guide_passport_online_ho_so_nguoi_lon_5,guide,,,,approved,supplemental,,N/A,,,,,N/A,,N/A,,N/A,N/A,N/A,,
BULK,guide_passport_online_kenh_nop_2,guide,,,,approved,supplemental,,N/A,,,,,N/A,,N/A,,N/A,N/A,N/A,,
BULK,guide_passport_online_mat_ho_chieu_16,guide,,,,approved,supplemental,,N/A,,,,,N/A,,N/A,,N/A,N/A,N/A,broad,
BULK,guide_passport_online_mat_ho_chieu_33,guide,,,,approved,supplemental,,N/A,,,,,N/A,,N/A,,N/A,N/A,N/A,,
BULK,guide_passport_online_nguoi_dung_bao_lau_nhan_uoc_ho_chieu_35,guide,,,,approved,supplemental,,N/A,,,,,N/A,,N/A,,N/A,N/A,N/A,,
BULK,guide_passport_online_nguoi_dung_phi_lam_ho_chieu_online_bao_nhieu_34,guide,,,,approved,supplemental,,N/A,,,,,N/A,,N/A,,N/A,N/A,N/A,,
BULK,guide_passport_online_nguoi_dung_toi_muon_lam_ho_chieu_online_lan_au_31,guide,,,,approved,supplemental,,N/A,,,,,N/A,,N/A,,N/A,N/A,N/A,,
BULK,guide_passport_online_nguon_cap_nhat_39,guide,,,,approved,supplemental,,N/A,,,,,N/A,,N/A,,N/A,N/A,N/A,,
BULK,guide_passport_online_phan_biet_visa_29,guide,,,,approved,supplemental,,N/A,,,,,N/A,,N/A,,N/A,N/A,N/A,,
BULK,guide_passport_online_phi_le_phi_14,guide,,,,approved,supplemental,,N/A,,,,,N/A,,N/A,,N/A,N/A,N/A,,
BULK,guide_passport_online_quan_tri_cap_nhat_40,guide,,,,approved,supplemental,,N/A,,,,,N/A,,N/A,,N/A,N/A,N/A,,
BULK,guide_passport_online_thanh_toan_21,guide,,,,approved,supplemental,,N/A,,,,,N/A,,N/A,,N/A,N/A,N/A,,
BULK,guide_passport_online_thoi_gian_13,guide,,,,approved,supplemental,,N/A,,,,,N/A,,N/A,,N/A,N/A,N/A,broad,
BULK,guide_passport_online_tre_em_24,guide,,,,approved,supplemental,,N/A,,,,,N/A,,N/A,,N/A,N/A,N/A,,
BULK,guide_passport_online_tre_em_32,guide,,,,approved,supplemental,,N/A,,,,,N/A,,N/A,,N/A,N/A,N/A,,
BULK,guide_passport_online_tre_em_6,guide,,,,approved,supplemental,,N/A,,,,,N/A,,N/A,,N/A,N/A,N/A,,
BULK,guide_passport_online_vneid_quy_trinh_18,guide,,,,approved,supplemental,,N/A,,,,,N/A,,N/A,,N/A,N/A,N/A,,
BULK,guide_passport_online_vneid_quy_trinh_19,guide,,,,approved,supplemental,,N/A,,,,,N/A,,N/A,,N/A,N/A,N/A,,
BULK,guide_passport_online_vneid_quy_trinh_26,guide,,,,approved,supplemental,,N/A,,,,,N/A,,N/A,,N/A,N/A,N/A,,
BULK,guide_passport_online_vneid_quy_trinh_8,guide,,,,approved,supplemental,,N/A,,,,,N/A,,N/A,,N/A,N/A,N/A,broad,
BULK,law_cu_tru_ieu_1__127,law,,,,approved,legal_basis,,N/A,,,,,N/A,,N/A,,N/A,N/A,N/A,,
BULK,law_cu_tru_ieu_10__136,law,,,,approved,legal_basis,,N/A,,,,,N/A,,N/A,,N/A,N/A,N/A,,
BULK,law_cu_tru_ieu_11__137,law,,,,approved,legal_basis,,N/A,,,,,N/A,,N/A,,N/A,N/A,N/A,,
BULK,law_cu_tru_ieu_12__138,law,,,,approved,legal_basis,,N/A,,,,,N/A,,N/A,,N/A,N/A,N/A,,
BULK,law_cu_tru_ieu_13__139,law,,,,approved,legal_basis,,N/A,,,,,N/A,,N/A,,N/A,N/A,N/A,,
BULK,law_cu_tru_ieu_14__140,law,,,,approved,legal_basis,,N/A,,,,,N/A,,N/A,,N/A,N/A,N/A,,
BULK,law_cu_tru_ieu_15__141,law,,,,approved,legal_basis,,N/A,,,,,N/A,,N/A,,N/A,N/A,N/A,,
BULK,law_cu_tru_ieu_16__142,law,,,,approved,legal_basis,,N/A,,,,,N/A,,N/A,,N/A,N/A,N/A,,
BULK,law_cu_tru_ieu_17__143,law,,,,approved,legal_basis,,N/A,,,,,N/A,,N/A,,N/A,N/A,N/A,,
BULK,law_cu_tru_ieu_18__144,law,,,,approved,legal_basis,,N/A,,,,,N/A,,N/A,,N/A,N/A,N/A,,
BULK,law_cu_tru_ieu_19__145,law,,,,approved,legal_basis,,N/A,,,,,N/A,,N/A,,N/A,N/A,N/A,,
BULK,law_cu_tru_ieu_2__128,law,,,,approved,legal_basis,,N/A,,,,,N/A,,N/A,,N/A,N/A,N/A,,
BULK,law_cu_tru_ieu_20__146,law,,,,approved,legal_basis,,N/A,,,,,N/A,,N/A,,N/A,N/A,N/A,,
BULK,law_cu_tru_ieu_21__147,law,,,,approved,legal_basis,,N/A,,,,,N/A,,N/A,,N/A,N/A,N/A,,
BULK,law_cu_tru_ieu_22__148,law,,,,approved,legal_basis,,N/A,,,,,N/A,,N/A,,N/A,N/A,N/A,,
BULK,law_cu_tru_ieu_23__149,law,,,,approved,legal_basis,,N/A,,,,,N/A,,N/A,,N/A,N/A,N/A,,
BULK,law_cu_tru_ieu_24__150,law,,,,approved,legal_basis,,N/A,,,,,N/A,,N/A,,N/A,N/A,N/A,,
BULK,law_cu_tru_ieu_25__151,law,,,,approved,legal_basis,,N/A,,,,,N/A,,N/A,,N/A,N/A,N/A,,
BULK,law_cu_tru_ieu_3__126,law,,,,approved,legal_basis,,N/A,,,,,N/A,,N/A,,N/A,N/A,N/A,,
BULK,law_cu_tru_ieu_3__129,law,,,,approved,legal_basis,,N/A,,,,,N/A,,N/A,,N/A,N/A,N/A,,
BULK,law_cu_tru_ieu_4__130,law,,,,approved,legal_basis,,N/A,,,,,N/A,,N/A,,N/A,N/A,N/A,,
BULK,law_cu_tru_ieu_5__131,law,,,,approved,legal_basis,,N/A,,,,,N/A,,N/A,,N/A,N/A,N/A,,
BULK,law_cu_tru_ieu_6__132,law,,,,approved,legal_basis,,N/A,,,,,N/A,,N/A,,N/A,N/A,N/A,broad,
BULK,law_cu_tru_ieu_7__133,law,,,,approved,legal_basis,,N/A,,,,,N/A,,N/A,,N/A,N/A,N/A,,
BULK,law_cu_tru_ieu_8__134,law,,,,approved,legal_basis,,N/A,,,,,N/A,,N/A,,N/A,N/A,N/A,,
BULK,law_cu_tru_ieu_9__135,law,,,,approved,legal_basis,,N/A,,,,,N/A,,N/A,,N/A,N/A,N/A,,
BULK,law_xu_phat_ieu_1__55,law,,,,approved,legal_basis,,N/A,,,,,N/A,,N/A,,N/A,N/A,N/A,,
BULK,law_xu_phat_ieu_10__64,law,,,,approved,legal_basis,,N/A,,,,,N/A,,N/A,,N/A,N/A,N/A,,
BULK,law_xu_phat_ieu_11__65,law,,,,approved,legal_basis,,N/A,,,,,N/A,,N/A,,N/A,N/A,N/A,,
BULK,law_xu_phat_ieu_12__66,law,,,,approved,legal_basis,,N/A,,,,,N/A,,N/A,,N/A,N/A,N/A,,
BULK,law_xu_phat_ieu_13__67,law,,,,approved,legal_basis,,N/A,,,,,N/A,,N/A,,N/A,N/A,N/A,,
BULK,law_xu_phat_ieu_14__68,law,,,,approved,legal_basis,,N/A,,,,,N/A,,N/A,,N/A,N/A,N/A,,
BULK,law_xu_phat_ieu_15__69,law,,,,approved,legal_basis,,N/A,,,,,N/A,,N/A,,N/A,N/A,N/A,broad,
BULK,law_xu_phat_ieu_16__70,law,,,,approved,legal_basis,,N/A,,,,,N/A,,N/A,,N/A,N/A,N/A,,
BULK,law_xu_phat_ieu_17__71,law,,,,approved,legal_basis,,N/A,,,,,N/A,,N/A,,N/A,N/A,N/A,,
BULK,law_xu_phat_ieu_18__72,law,,,,approved,legal_basis,,N/A,,,,,N/A,,N/A,,N/A,N/A,N/A,,
BULK,law_xu_phat_ieu_19__73,law,,,,approved,legal_basis,,N/A,,,,,N/A,,N/A,,N/A,N/A,N/A,,
BULK,law_xu_phat_ieu_2__56,law,,,,approved,legal_basis,,N/A,,,,,N/A,,N/A,,N/A,N/A,N/A,,
BULK,law_xu_phat_ieu_20__74,law,,,,approved,legal_basis,,N/A,,,,,N/A,,N/A,,N/A,N/A,N/A,,
BULK,law_xu_phat_ieu_21__75,law,,,,approved,legal_basis,,N/A,,,,,N/A,,N/A,,N/A,N/A,N/A,,
BULK,law_xu_phat_ieu_22__76,law,,,,approved,legal_basis,,N/A,,,,,N/A,,N/A,,N/A,N/A,N/A,,
BULK,law_xu_phat_ieu_23__77,law,,,,approved,legal_basis,,N/A,,,,,N/A,,N/A,,N/A,N/A,N/A,,
BULK,law_xu_phat_ieu_24__78,law,,,,approved,legal_basis,,N/A,,,,,N/A,,N/A,,N/A,N/A,N/A,,
BULK,law_xu_phat_ieu_25__79,law,,,,approved,legal_basis,,N/A,,,,,N/A,,N/A,,N/A,N/A,N/A,,
BULK,law_xu_phat_ieu_26__80,law,,,,approved,legal_basis,,N/A,,,,,N/A,,N/A,,N/A,N/A,N/A,,
BULK,law_xu_phat_ieu_27__81,law,,,,approved,legal_basis,,N/A,,,,,N/A,,N/A,,N/A,N/A,N/A,,
BULK,law_xu_phat_ieu_28__82,law,,,,approved,legal_basis,,N/A,,,,,N/A,,N/A,,N/A,N/A,N/A,,
BULK,law_xu_phat_ieu_29__83,law,,,,approved,legal_basis,,N/A,,,,,N/A,,N/A,,N/A,N/A,N/A,broad,
BULK,law_xu_phat_ieu_3__57,law,,,,approved,legal_basis,,N/A,,,,,N/A,,N/A,,N/A,N/A,N/A,,
BULK,law_xu_phat_ieu_30__84,law,,,,approved,legal_basis,,N/A,,,,,N/A,,N/A,,N/A,N/A,N/A,,
BULK,law_xu_phat_ieu_31__85,law,,,,approved,legal_basis,,N/A,,,,,N/A,,N/A,,N/A,N/A,N/A,,
BULK,law_xu_phat_ieu_32__86,law,,,,approved,legal_basis,,N/A,,,,,N/A,,N/A,,N/A,N/A,N/A,,
BULK,law_xu_phat_ieu_33__87,law,,,,approved,legal_basis,,N/A,,,,,N/A,,N/A,,N/A,N/A,N/A,,
BULK,law_xu_phat_ieu_34__88,law,,,,approved,legal_basis,,N/A,,,,,N/A,,N/A,,N/A,N/A,N/A,,
BULK,law_xu_phat_ieu_35__89,law,,,,approved,legal_basis,,N/A,,,,,N/A,,N/A,,N/A,N/A,N/A,,
BULK,law_xu_phat_ieu_36__90,law,,,,approved,legal_basis,,N/A,,,,,N/A,,N/A,,N/A,N/A,N/A,,
BULK,law_xu_phat_ieu_37__91,law,,,,approved,legal_basis,,N/A,,,,,N/A,,N/A,,N/A,N/A,N/A,,
BULK,law_xu_phat_ieu_38__92,law,,,,approved,legal_basis,,N/A,,,,,N/A,,N/A,,N/A,N/A,N/A,,
BULK,law_xu_phat_ieu_39__93,law,,,,approved,legal_basis,,N/A,,,,,N/A,,N/A,,N/A,N/A,N/A,,
BULK,law_xu_phat_ieu_4__58,law,,,,approved,legal_basis,,N/A,,,,,N/A,,N/A,,N/A,N/A,N/A,,
BULK,law_xu_phat_ieu_40__94,law,,,,approved,legal_basis,,N/A,,,,,N/A,,N/A,,N/A,N/A,N/A,,
BULK,law_xu_phat_ieu_41__95,law,,,,approved,legal_basis,,N/A,,,,,N/A,,N/A,,N/A,N/A,N/A,,
BULK,law_xu_phat_ieu_42__96,law,,,,approved,legal_basis,,N/A,,,,,N/A,,N/A,,N/A,N/A,N/A,,
BULK,law_xu_phat_ieu_43__97,law,,,,approved,legal_basis,,N/A,,,,,N/A,,N/A,,N/A,N/A,N/A,,
BULK,law_xu_phat_ieu_44__98,law,,,,approved,legal_basis,,N/A,,,,,N/A,,N/A,,N/A,N/A,N/A,,
BULK,law_xu_phat_ieu_45__99,law,,,,approved,legal_basis,,N/A,,,,,N/A,,N/A,,N/A,N/A,N/A,,
BULK,law_xu_phat_ieu_46__100,law,,,,approved,legal_basis,,N/A,,,,,N/A,,N/A,,N/A,N/A,N/A,,
BULK,law_xu_phat_ieu_47__101,law,,,,approved,legal_basis,,N/A,,,,,N/A,,N/A,,N/A,N/A,N/A,,
BULK,law_xu_phat_ieu_48__102,law,,,,approved,legal_basis,,N/A,,,,,N/A,,N/A,,N/A,N/A,N/A,,
BULK,law_xu_phat_ieu_49__103,law,,,,approved,legal_basis,,N/A,,,,,N/A,,N/A,,N/A,N/A,N/A,,
BULK,law_xu_phat_ieu_5__59,law,,,,approved,legal_basis,,N/A,,,,,N/A,,N/A,,N/A,N/A,N/A,,
BULK,law_xu_phat_ieu_50__104,law,,,,approved,legal_basis,,N/A,,,,,N/A,,N/A,,N/A,N/A,N/A,,
BULK,law_xu_phat_ieu_51__105,law,,,,approved,legal_basis,,N/A,,,,,N/A,,N/A,,N/A,N/A,N/A,,
BULK,law_xu_phat_ieu_52__106,law,,,,approved,legal_basis,,N/A,,,,,N/A,,N/A,,N/A,N/A,N/A,,
BULK,law_xu_phat_ieu_53__107,law,,,,approved,legal_basis,,N/A,,,,,N/A,,N/A,,N/A,N/A,N/A,,
BULK,law_xu_phat_ieu_54__108,law,,,,approved,legal_basis,,N/A,,,,,N/A,,N/A,,N/A,N/A,N/A,,
BULK,law_xu_phat_ieu_55__109,law,,,,approved,legal_basis,,N/A,,,,,N/A,,N/A,,N/A,N/A,N/A,,
BULK,law_xu_phat_ieu_56__110,law,,,,approved,legal_basis,,N/A,,,,,N/A,,N/A,,N/A,N/A,N/A,,
BULK,law_xu_phat_ieu_57__111,law,,,,approved,legal_basis,,N/A,,,,,N/A,,N/A,,N/A,N/A,N/A,,
BULK,law_xu_phat_ieu_58__112,law,,,,approved,legal_basis,,N/A,,,,,N/A,,N/A,,N/A,N/A,N/A,,
BULK,law_xu_phat_ieu_59__113,law,,,,approved,legal_basis,,N/A,,,,,N/A,,N/A,,N/A,N/A,N/A,,
BULK,law_xu_phat_ieu_6__60,law,,,,approved,legal_basis,,N/A,,,,,N/A,,N/A,,N/A,N/A,N/A,,
BULK,law_xu_phat_ieu_60__114,law,,,,approved,legal_basis,,N/A,,,,,N/A,,N/A,,N/A,N/A,N/A,,
BULK,law_xu_phat_ieu_61__115,law,,,,approved,legal_basis,,N/A,,,,,N/A,,N/A,,N/A,N/A,N/A,,
BULK,law_xu_phat_ieu_62__116,law,,,,approved,legal_basis,,N/A,,,,,N/A,,N/A,,N/A,N/A,N/A,,
BULK,law_xu_phat_ieu_63__117,law,,,,approved,legal_basis,,N/A,,,,,N/A,,N/A,,N/A,N/A,N/A,,
BULK,law_xu_phat_ieu_64__118,law,,,,approved,legal_basis,,N/A,,,,,N/A,,N/A,,N/A,N/A,N/A,,
BULK,law_xu_phat_ieu_65__119,law,,,,approved,legal_basis,,N/A,,,,,N/A,,N/A,,N/A,N/A,N/A,,
BULK,law_xu_phat_ieu_66__120,law,,,,approved,legal_basis,,N/A,,,,,N/A,,N/A,,N/A,N/A,N/A,,
BULK,law_xu_phat_ieu_67__121,law,,,,approved,legal_basis,,N/A,,,,,N/A,,N/A,,N/A,N/A,N/A,,
BULK,law_xu_phat_ieu_68__122,law,,,,approved,legal_basis,,N/A,,,,,N/A,,N/A,,N/A,N/A,N/A,,
BULK,law_xu_phat_ieu_69__123,law,,,,approved,legal_basis,,N/A,,,,,N/A,,N/A,,N/A,N/A,N/A,,
BULK,law_xu_phat_ieu_7__61,law,,,,approved,legal_basis,,N/A,,,,,N/A,,N/A,,N/A,N/A,N/A,,
BULK,law_xu_phat_ieu_70__124,law,,,,approved,legal_basis,,N/A,,,,,N/A,,N/A,,N/A,N/A,N/A,,
BULK,law_xu_phat_ieu_71__125,law,,,,approved,legal_basis,,N/A,,,,,N/A,,N/A,,N/A,N/A,N/A,,
BULK,law_xu_phat_ieu_8__62,law,,,,approved,legal_basis,,N/A,,,,,N/A,,N/A,,N/A,N/A,N/A,,
BULK,law_xu_phat_ieu_9__63,law,,,,approved,legal_basis,,N/A,,,,,N/A,,N/A,,N/A,N/A,N/A,,
BULK,law_xuat_nhap_canh_ieu_1__0,law,,,,approved,legal_basis,,N/A,,,,,N/A,,N/A,,N/A,N/A,N/A,,
BULK,law_xuat_nhap_canh_ieu_10__9,law,,,,approved,legal_basis,,N/A,,,,,N/A,,N/A,,N/A,N/A,N/A,,
BULK,law_xuat_nhap_canh_ieu_11__10,law,,,,approved,legal_basis,,N/A,,,,,N/A,,N/A,,N/A,N/A,N/A,,
BULK,law_xuat_nhap_canh_ieu_12__11,law,,,,approved,legal_basis,,N/A,,,,,N/A,,N/A,,N/A,N/A,N/A,,
BULK,law_xuat_nhap_canh_ieu_13__12,law,,,,approved,legal_basis,,N/A,,,,,N/A,,N/A,,N/A,N/A,N/A,,
BULK,law_xuat_nhap_canh_ieu_14__13,law,,,,approved,legal_basis,,N/A,,,,,N/A,,N/A,,N/A,N/A,N/A,,
BULK,law_xuat_nhap_canh_ieu_15__14,law,,,,approved,legal_basis,,N/A,,,,,N/A,,N/A,,N/A,N/A,N/A,,
BULK,law_xuat_nhap_canh_ieu_16__15,law,,,,approved,legal_basis,,N/A,,,,,N/A,,N/A,,N/A,N/A,N/A,,
BULK,law_xuat_nhap_canh_ieu_17__16,law,,,,approved,legal_basis,,N/A,,,,,N/A,,N/A,,N/A,N/A,N/A,,
BULK,law_xuat_nhap_canh_ieu_18__17,law,,,,approved,legal_basis,,N/A,,,,,N/A,,N/A,,N/A,N/A,N/A,,
BULK,law_xuat_nhap_canh_ieu_19__18,law,,,,approved,legal_basis,,N/A,,,,,N/A,,N/A,,N/A,N/A,N/A,,
BULK,law_xuat_nhap_canh_ieu_2__1,law,,,,approved,legal_basis,,N/A,,,,,N/A,,N/A,,N/A,N/A,N/A,,
BULK,law_xuat_nhap_canh_ieu_20__19,law,,,,approved,legal_basis,,N/A,,,,,N/A,,N/A,,N/A,N/A,N/A,,
BULK,law_xuat_nhap_canh_ieu_21__20,law,,,,approved,legal_basis,,N/A,,,,,N/A,,N/A,,N/A,N/A,N/A,,
BULK,law_xuat_nhap_canh_ieu_22__21,law,,,,approved,legal_basis,,N/A,,,,,N/A,,N/A,,N/A,N/A,N/A,,
BULK,law_xuat_nhap_canh_ieu_23__22,law,,,,approved,legal_basis,,N/A,,,,,N/A,,N/A,,N/A,N/A,N/A,,
BULK,law_xuat_nhap_canh_ieu_24__23,law,,,,approved,legal_basis,,N/A,,,,,N/A,,N/A,,N/A,N/A,N/A,,
BULK,law_xuat_nhap_canh_ieu_25__24,law,,,,approved,legal_basis,,N/A,,,,,N/A,,N/A,,N/A,N/A,N/A,,
BULK,law_xuat_nhap_canh_ieu_26__25,law,,,,approved,legal_basis,,N/A,,,,,N/A,,N/A,,N/A,N/A,N/A,,
BULK,law_xuat_nhap_canh_ieu_27__26,law,,,,approved,legal_basis,,N/A,,,,,N/A,,N/A,,N/A,N/A,N/A,,
BULK,law_xuat_nhap_canh_ieu_28__27,law,,,,approved,legal_basis,,N/A,,,,,N/A,,N/A,,N/A,N/A,N/A,,
BULK,law_xuat_nhap_canh_ieu_29__28,law,,,,approved,legal_basis,,N/A,,,,,N/A,,N/A,,N/A,N/A,N/A,,
BULK,law_xuat_nhap_canh_ieu_3__2,law,,,,approved,legal_basis,,N/A,,,,,N/A,,N/A,,N/A,N/A,N/A,,
BULK,law_xuat_nhap_canh_ieu_30__29,law,,,,approved,legal_basis,,N/A,,,,,N/A,,N/A,,N/A,N/A,N/A,,
BULK,law_xuat_nhap_canh_ieu_31__30,law,,,,approved,legal_basis,,N/A,,,,,N/A,,N/A,,N/A,N/A,N/A,,
BULK,law_xuat_nhap_canh_ieu_32__31,law,,,,approved,legal_basis,,N/A,,,,,N/A,,N/A,,N/A,N/A,N/A,,
BULK,law_xuat_nhap_canh_ieu_33__32,law,,,,approved,legal_basis,,N/A,,,,,N/A,,N/A,,N/A,N/A,N/A,broad,
BULK,law_xuat_nhap_canh_ieu_34__33,law,,,,approved,legal_basis,,N/A,,,,,N/A,,N/A,,N/A,N/A,N/A,,
BULK,law_xuat_nhap_canh_ieu_35__34,law,,,,approved,legal_basis,,N/A,,,,,N/A,,N/A,,N/A,N/A,N/A,,
BULK,law_xuat_nhap_canh_ieu_36__35,law,,,,approved,legal_basis,,N/A,,,,,N/A,,N/A,,N/A,N/A,N/A,,
BULK,law_xuat_nhap_canh_ieu_37__36,law,,,,approved,legal_basis,,N/A,,,,,N/A,,N/A,,N/A,N/A,N/A,,
BULK,law_xuat_nhap_canh_ieu_38__37,law,,,,approved,legal_basis,,N/A,,,,,N/A,,N/A,,N/A,N/A,N/A,,
BULK,law_xuat_nhap_canh_ieu_39__38,law,,,,approved,legal_basis,,N/A,,,,,N/A,,N/A,,N/A,N/A,N/A,,
BULK,law_xuat_nhap_canh_ieu_4__3,law,,,,approved,legal_basis,,N/A,,,,,N/A,,N/A,,N/A,N/A,N/A,,
BULK,law_xuat_nhap_canh_ieu_40__39,law,,,,approved,legal_basis,,N/A,,,,,N/A,,N/A,,N/A,N/A,N/A,,
BULK,law_xuat_nhap_canh_ieu_41__40,law,,,,approved,legal_basis,,N/A,,,,,N/A,,N/A,,N/A,N/A,N/A,,
BULK,law_xuat_nhap_canh_ieu_42__41,law,,,,approved,legal_basis,,N/A,,,,,N/A,,N/A,,N/A,N/A,N/A,,
BULK,law_xuat_nhap_canh_ieu_43__42,law,,,,approved,legal_basis,,N/A,,,,,N/A,,N/A,,N/A,N/A,N/A,,
BULK,law_xuat_nhap_canh_ieu_44__43,law,,,,approved,legal_basis,,N/A,,,,,N/A,,N/A,,N/A,N/A,N/A,,
BULK,law_xuat_nhap_canh_ieu_45__44,law,,,,approved,legal_basis,,N/A,,,,,N/A,,N/A,,N/A,N/A,N/A,,
BULK,law_xuat_nhap_canh_ieu_46__45,law,,,,approved,legal_basis,,N/A,,,,,N/A,,N/A,,N/A,N/A,N/A,,
BULK,law_xuat_nhap_canh_ieu_47__46,law,,,,approved,legal_basis,,N/A,,,,,N/A,,N/A,,N/A,N/A,N/A,,
BULK,law_xuat_nhap_canh_ieu_48__47,law,,,,approved,legal_basis,,N/A,,,,,N/A,,N/A,,N/A,N/A,N/A,,
BULK,law_xuat_nhap_canh_ieu_49__48,law,,,,approved,legal_basis,,N/A,,,,,N/A,,N/A,,N/A,N/A,N/A,,
BULK,law_xuat_nhap_canh_ieu_5__4,law,,,,approved,legal_basis,,N/A,,,,,N/A,,N/A,,N/A,N/A,N/A,,
BULK,law_xuat_nhap_canh_ieu_50__49,law,,,,approved,legal_basis,,N/A,,,,,N/A,,N/A,,N/A,N/A,N/A,,
BULK,law_xuat_nhap_canh_ieu_51__50,law,,,,approved,legal_basis,,N/A,,,,,N/A,,N/A,,N/A,N/A,N/A,,
BULK,law_xuat_nhap_canh_ieu_52__51,law,,,,approved,legal_basis,,N/A,,,,,N/A,,N/A,,N/A,N/A,N/A,,
BULK,law_xuat_nhap_canh_ieu_53__52,law,,,,approved,legal_basis,,N/A,,,,,N/A,,N/A,,N/A,N/A,N/A,,
BULK,law_xuat_nhap_canh_ieu_54__53,law,,,,approved,legal_basis,,N/A,,,,,N/A,,N/A,,N/A,N/A,N/A,,
BULK,law_xuat_nhap_canh_ieu_55__54,law,,,,approved,legal_basis,,N/A,,,,,N/A,,N/A,,N/A,N/A,N/A,,
BULK,law_xuat_nhap_canh_ieu_6__5,law,,,,approved,legal_basis,,N/A,,,,,N/A,,N/A,,N/A,N/A,N/A,,
BULK,law_xuat_nhap_canh_ieu_7__6,law,,,,approved,legal_basis,,N/A,,,,,N/A,,N/A,,N/A,N/A,N/A,,
BULK,law_xuat_nhap_canh_ieu_8__7,law,,,,approved,legal_basis,,N/A,,,,,N/A,,N/A,,N/A,N/A,N/A,,
BULK,law_xuat_nhap_canh_ieu_9__8,law,,,,approved,legal_basis,,N/A,,,,,N/A,,N/A,,N/A,N/A,N/A,,
