proposed_id,site_id,title,category,level,service_level,existing_id,existing_title,match_status,match_score,recommended_action,review_status,adjustment_needed,agency,processing_time,fee,form_codes,attachment_titles,online_submission_url,source_url,content_hash,risk_flags,final_decision,reviewer_note
tthc_phutho_xa_1365-19,1365-19,Cấp đổi giấy chứng nhận căn cước cấp xã,"Cấp, quản lý căn cước",Cấp Xã,N/A,,,new,0.120,create_new,ready_for_approval,Website không công bố mức độ dịch vụ công; chuẩn hóa thành N/A.,Công an cấp xã,Không quá 07 ngày làm việc.,không thu lệ phí,N/A,1. Mẫu DC02 Phiếu đề nghị giải quyết thủ tục về căn cước sửa.doc | 1. Mẫu CC01 Phiếu thu nhận thông tin căn cước.doc,https://dichvucong.bocongan.gov.vn/?home=1,https://congan.phutho.gov.vn/article/thu-tuc-hanh-chinh/Cap-doi-giay-chung-nhan-can-cuoc-cap-xa-1365-19,dc323850d7b1f98f0072a22d1416c39f54820cf9632289e3d2cb9c735e8015ac,,approve,Người dùng duyệt thủ tục cấp xã hiện hành ngày 2026-07-15.
tthc_phutho_xa_291-19,291-19,Cấp đổi thẻ căn cước cấp xã,"Cấp, quản lý căn cước",Cấp Xã,Một phần,,,new,0.070,create_new,ready_for_approval,,Công an cấp xã,Không quá 07 ngày làm việc.,"Cấp đổi thẻ căn cước đối với các trường hợp quy định tại khoản 1 Điều 24 Luật Căn cước: 50.000 đồng/thẻ căn cước;
Kể từ ngày 21/10/2024 đến hết ngày 31/12/2024, mức thu lệ phí cấp đổi, cấp lại thẻ căn cước bằng 50% mức thu lệ phí quy định.
Kể từ ngày 01/01/2025 đến hết ngày 31/12/2025, mức thu lệ phí khi công dân nộp hồ sơ cấp đổi, cấp lại thẻ căn cước theo hình thức trực tuyển bằng 50% mức thu lệ phí quy định.",N/A,1. Mẫu CC01 Phiếu thu nhận thông tin căn cước.doc | 1. Mẫu DC02 Phiếu đề nghị giải quyết thủ tục về căn cước sửa.doc,https://dichvucong.bocongan.gov.vn/?home=1,https://congan.phutho.gov.vn/article/thu-tuc-hanh-chinh/Cap-doi-the-can-cuoc-cap-xa-291-19,41150df6065a873017a1bc2030bf9cf34622f50bd4812b3254216332da4efb1a,,approve,Người dùng duyệt thủ tục cấp xã hiện hành ngày 2026-07-15.
tthc_phutho_xa_1366-19,1366-19,Cấp lại giấy chứng nhận căn cước cấp xã,"Cấp, quản lý căn cước",Cấp Xã,N/A,,,new,0.120,create_new,ready_for_approval,Website không công bố mức độ dịch vụ công; chuẩn hóa thành N/A.,Công an cấp xã,Không quá 07 ngày làm việc.,không thu lệ phí,N/A,N/A,https://dichvucong.bocongan.gov.vn/?home=1,https://congan.phutho.gov.vn/article/thu-tuc-hanh-chinh/Cap-lai-giay-chung-nhan-can-cuoc-cap-xa-1366-19,732e2ddc8e265e3c8165bbfff2327ca796175bf1560ca8463f7d03ad102946e9,,approve,Người dùng duyệt thủ tục cấp xã hiện hành ngày 2026-07-15.
tthc_phutho_xa_292-19,292-19,Cấp lại thẻ Căn cước cấp xã,"Cấp, quản lý căn cước",Cấp Xã,Toàn trình,,,new,0.070,create_new,ready_for_approval,,Công an cấp xã,Không quá 07 ngày làm việc.,"Cấp lại thẻ căn cước đối với các trường hợp quy định tại khoản 2 Điều 24 Luật Căn cước: 70.000 đồng/thẻ căn cước.
Kể từ ngày 21/10/2024 đến hết ngày 31/12/2024, mức thu lệ phí cấp đổi, cấp lại thẻ căn cước bằng 50% mức thu lệ phí quy định.
Kể từ ngày 01/01/2025 đến hết ngày 31/12/2025, mức thu lệ phí khi công dân nộp hồ sơ cấp đổi, cấp lại thẻ căn cước theo hình thức trực tuyển bằng 50% mức thu lệ phí quy định.",N/A,1. Mẫu CC01 Phiếu thu nhận thông tin căn cước.doc | 1. Mẫu DC02 Phiếu đề nghị giải quyết thủ tục về căn cước sửa.doc,https://dichvucong.bocongan.gov.vn/?home=1,https://congan.phutho.gov.vn/article/thu-tuc-hanh-chinh/Cap-lai-the-Can-cuoc-cap-xa-292-19,5f7ceae4890743cd111319cc71e5d5ca8aad3cb35f8ee1426e214e7adb769d29,,approve,Người dùng duyệt thủ tục cấp xã hiện hành ngày 2026-07-15.
tthc_phutho_xa_1362-19,1362-19,Cấp thẻ căn cước cho người dưới 14 tuổi cấp xã,"Cấp, quản lý căn cước",Cấp Xã,Một phần,,,new,0.088,create_new,ready_for_approval,,Công an cấp xã,Không quá 07 ngày làm việc.,Miễn phí.,N/A,1. Mẫu CC01 Phiếu thu nhận thông tin căn cước.doc | 1. Mẫu DC02 Phiếu đề nghị giải quyết thủ tục về căn cước sửa.doc,https://dichvucong.bocongan.gov.vn/?home=1,https://congan.phutho.gov.vn/article/thu-tuc-hanh-chinh/Cap-the-can-cuoc-cho-nguoi-duoi-14-tuoi-cap-xa-1362-19,a2c2b6f94ffaea64bb97300c64506afdca1975f52549a83f06b663f01ef608df,,approve,Người dùng duyệt thủ tục cấp xã hiện hành ngày 2026-07-15.
tthc_phutho_xa_289-19,289-19,Cấp thẻ căn cước cho người từ đủ 14 tuổi trở lên cấp xã,"Cấp, quản lý căn cước",Cấp Xã,Một phần,,,new,0.111,create_new,ready_for_approval,,Công an cấp xã,Không quá 07 ngày làm việc.,Không.,N/A,1. Mẫu DC01 Phiếu thu thập thông tin dân cư.docx | 1. Mẫu DC02 Phiếu đề nghị giải quyết thủ tục về căn cước sửa.doc | 1. Mẫu CC01 Phiếu thu nhận thông tin căn cước.doc,https://dichvucong.bocongan.gov.vn/?home=1,https://congan.phutho.gov.vn/article/thu-tuc-hanh-chinh/Cap-the-can-cuoc-cho-nguoi-tu-du-14-tuoi-tro-len-289-19,c11dc9d3e45143d877bc974773df3f9736b54cc351418dc9dbcb56ae2601dac8,,approve,Người dùng duyệt thủ tục cấp xã hiện hành ngày 2026-07-15.
tthc_phutho_xa_1368-19,1368-19,Điều chỉnh thông tin trong Cơ sở dữ liệu quốc gia về dân cư theo đề nghị của công dân cấp xã,"Cấp, quản lý căn cước",Cấp Xã,N/A,,,new,0.188,create_new,ready_for_approval,Website không công bố mức độ dịch vụ công; chuẩn hóa thành N/A.,Công an cấp xã,02 ngày làm việc kể từ khi tiếp nhận hồ sơ (không tính thời gian chuyển hồ sơ từ cơ quan khác đến Công an cấp xã nơi công dân cư trú).,Chưa quy định.,N/A,1. Mẫu DC02 Phiếu đề nghị giải quyết thủ tục về căn cước sửa.doc,https://dichvucong.bocongan.gov.vn/?home=1,https://congan.phutho.gov.vn/article/thu-tuc-hanh-chinh/Dieu-chinh-thong-tin-trong-Co-so-du-lieu-quoc-gia-1368-19,8e12ba3ef534fd5a45ac81af48ca30890bf5e093e765c318be79f6e23c668db5,,approve,Người dùng duyệt thủ tục cấp xã hiện hành ngày 2026-07-15.
tthc_phutho_xa_2410-19,2410-19,"Điều chỉnh thông tin trong Cơ sở dữ liệu quốc gia về dân cư, Cơ sở dữ liệu căn cước theo đề nghị của người gốc Việt Nam chưa xác định được quốc tịch cấp xã","Cấp, quản lý căn cước",Cấp Xã,N/A,,,new,0.200,create_new,ready_for_approval,Website không công bố mức độ dịch vụ công; chuẩn hóa thành N/A.,Công an cấp xã,không quá 05 ngày làm việc.,Không thu lệ phí.,N/A,N/A,https://dichvucong.bocongan.gov.vn/?home=1,https://congan.phutho.gov.vn/article/thu-tuc-hanh-chinh/Dieu-chinh-thong-tin-trong-Co-so-du-lieu-quoc-gia-2410-19,81ab125737d9d34c5af2638a8f67ef651a5504ce9252e20f9edb30935e9f8206,,approve,Người dùng duyệt thủ tục cấp xã hiện hành ngày 2026-07-15.
tthc_phutho_xa_281-19,281-19,Khai thác thông tin công dân trong Cơ sở dữ liệu căn cước cấp xã,"Cấp, quản lý căn cước",Cấp Xã,N/A,,,new,0.185,create_new,ready_for_approval,Website không công bố mức độ dịch vụ công; chuẩn hóa thành N/A.,Công an cấp xã,02 ngày làm việc.,Chưa quy định.,N/A,1. Mẫu DC02 Phiếu đề nghị giải quyết thủ tục về căn cước sửa.doc,https://dichvucong.bocongan.gov.vn/?home=1,https://congan.phutho.gov.vn/article/thu-tuc-hanh-chinh/Khai-thac-thong-tin-cong-dan-trong-Co-so-du-lieu-281-19,390631b92c596afee64968f8abd45cdcd3d90b8dd5fe953c3ca2620f6c6719bf,,approve,Người dùng duyệt thủ tục cấp xã hiện hành ngày 2026-07-15.
tthc_phutho_xa_282-19,282-19,Khai thác thông tin công dân trong Cơ sở dữ liệu quốc gia về dân cư cấp xã,"Cấp, quản lý căn cước",Cấp Xã,N/A,,,new,0.172,create_new,ready_for_approval,Website không công bố mức độ dịch vụ công; chuẩn hóa thành N/A.,"Công an xã, phường, thị trấn",02 ngày làm việc.,"Áp dụng mức thu theo mức phí quy định tại Thông tư số 48/2022/TT-BTC ngày 03/8/2022 của Bộ Tài chính quy định mức thu, chế độ thu, nộp, quản lý và sử dụng phí khai thác và sử dụng thông tin trong Cơ sở dữ liệu quốc gia về dân cư.",N/A,1. Mẫu DC02 Phiếu đề nghị giải quyết thủ tục về căn cước sửa.doc,https://dichvucong.bocongan.gov.vn/?home=1,https://congan.phutho.gov.vn/article/thu-tuc-hanh-chinh/Khai-thac-thong-tin-cong-dan-trong-Co-so-du-lieu-282-19,ca8f8a54403580702cd837c1cefa79817bc1f92094f6436d4ed7a6b5ab630a56,,approve,Người dùng duyệt thủ tục cấp xã hiện hành ngày 2026-07-15.
tthc_phutho_xa_1358-19,1358-19,Khai thác thông tin người gốc Việt Nam chưa xác định được quốc tịch trong Cơ sở dữ liệu căn cước cấp xã,"Cấp, quản lý căn cước",Cấp Xã,N/A,,,new,0.176,create_new,ready_for_approval,Website không công bố mức độ dịch vụ công; chuẩn hóa thành N/A.,Công an cấp xã,02 ngày làm việc.,Chưa quy định.,N/A,1. Mẫu DC02 Phiếu đề nghị giải quyết thủ tục về căn cước sửa.doc,https://dichvucong.bocongan.gov.vn/?home=1,https://congan.phutho.gov.vn/article/thu-tuc-hanh-chinh/Khai-thac-thong-tin-nguoi-goc-Viet-Nam-chua-xac-1358-19,efccbd1e2a6fb5788d5e9ef976f8f7a6f600690c71e97a18369dd391d7f9a9fb,,approve,Người dùng duyệt thủ tục cấp xã hiện hành ngày 2026-07-15.
tthc_phutho_xa_1367-19,1367-19,Khai thác thông tin người gốc Việt Nam chưa xác định được quốc tịch trong Cơ sở dữ liệu quốc gia về dân cư cấp xã,"Cấp, quản lý căn cước",Cấp Xã,N/A,,,new,0.200,create_new,ready_for_approval,Website không công bố mức độ dịch vụ công; chuẩn hóa thành N/A.,Công an cấp xã,02 ngày làm việc.,"Áp dụng mức thu theo mức phí quy định tại Thông tư số 48/2022/TT-BTC ngày 03/8/2022 của Bộ Tài chính quy định mức thu, chế độ thu, nộp, quản lý và sử dụng phí khai thác và sử dụng thông tin trong Cơ sở dữ liệu quốc gia về dân cư.",N/A,1. Mẫu DC02 Phiếu đề nghị giải quyết thủ tục về căn cước sửa.doc,https://dichvucong.bocongan.gov.vn/?home=1,https://congan.phutho.gov.vn/article/thu-tuc-hanh-chinh/Khai-thac-thong-tin-nguoi-goc-Viet-Nam-chua-xac-1367-19,92cce8da4be6f720b1e24df0ce8b9dec1fd538783496b94617a0144312cc518f,,approve,Người dùng duyệt thủ tục cấp xã hiện hành ngày 2026-07-15.
tthc_phutho_xa_2409-19,2409-19,"Thu thập, cập nhật thông tin của người gốc Việt Nam chưa xác định được quốc tịch vào Cơ sở dữ liệu quốc gia về dân cư, Cơ sở dữ liệu căn cước và cấp giấy chứng nhận căn cước cấp xã","Cấp, quản lý căn cước",Cấp Xã,N/A,,,new,0.220,create_new,ready_for_approval,Website không công bố mức độ dịch vụ công; chuẩn hóa thành N/A.,Công an cấp xã,"Không quá 15 ngày (không tính thời gian kiểm tra, xác minh thông tin về người gốc Việt Nam chưa xác định được quốc tịch đã kê khai để thu thập thông tin dân cư).",Không thu lệ phí.,N/A,N/A,https://dichvucong.bocongan.gov.vn/?home=1,https://congan.phutho.gov.vn/article/thu-tuc-hanh-chinh/Thu-thap-cap-nhat-thong-tin-cua-nguoi-goc-Viet-2409-19,d0f1e0eb146a69cf31fed8856cce5dfbb0d597f1d71550fb7e1a6d595742bed5,,approve,Người dùng duyệt thủ tục cấp xã hiện hành ngày 2026-07-15.
tthc_phutho_xa_1359-19,1359-19,"Thu thập, cập nhật thông tin sinh trắc học về ADN vào Cơ sở dữ liệu về căn cước cấp xã","Cấp, quản lý căn cước",Cấp Xã,N/A,,,new,0.113,create_new,ready_for_approval,Website không công bố mức độ dịch vụ công; chuẩn hóa thành N/A.,Công an cấp xã,07 ngày làm việc,Chưa quy định.,N/A,1. Mẫu DC02 Phiếu đề nghị giải quyết thủ tục về căn cước sửa.doc,https://dichvucong.bocongan.gov.vn/?home=1,https://congan.phutho.gov.vn/article/thu-tuc-hanh-chinh/Thu-thap-cap-nhat-thong-tin-sinh-trac-hoc-ve-ADN-1359-19,bf4b0387ea817bf840c25a84c23cea1fac21f6a67ced98a2202e3794da112cfc,,approve,Người dùng duyệt thủ tục cấp xã hiện hành ngày 2026-07-15.
tthc_phutho_xa_1360-19,1360-19,"Thu thập, cập nhật thông tin sinh trắc học về giọng nói vào Cơ sở dữ liệu về căn cước cấp xã","Cấp, quản lý căn cước",Cấp Xã,N/A,,,new,0.111,create_new,ready_for_approval,Website không công bố mức độ dịch vụ công; chuẩn hóa thành N/A.,Công an cấp xã,07 ngày làm việc.,Chưa quy định.,N/A,1. Mẫu DC02 Phiếu đề nghị giải quyết thủ tục về căn cước sửa.doc,https://dichvucong.bocongan.gov.vn/?home=1,https://congan.phutho.gov.vn/article/thu-tuc-hanh-chinh/Thu-thap-cap-nhat-thong-tin-sinh-trac-hoc-ve-1360-19,9a20a92dcfc84f8409946b889e7785d6b0ca97944eade6b567984a3183e56804,,approve,Người dùng duyệt thủ tục cấp xã hiện hành ngày 2026-07-15.
tthc_phutho_xa_1361-19,1361-19,"Tích hợp, cập nhật, điều chỉnh thông tin trên thẻ căn cước cấp xã","Cấp, quản lý căn cước",Cấp Xã,N/A,,,new,0.111,create_new,ready_for_approval,Website không công bố mức độ dịch vụ công; chuẩn hóa thành N/A.,Công an cấp xã,07 ngày làm việc.,Chưa quy định.,N/A,1. Mẫu DC02 Phiếu đề nghị giải quyết thủ tục về căn cước sửa.doc | 1. Mẫu CC01 Phiếu thu nhận thông tin căn cước.doc,https://dichvucong.bocongan.gov.vn/?home=1,https://congan.phutho.gov.vn/article/thu-tuc-hanh-chinh/Tich-hop-cap-nhat-dieu-chinh-thong-tin-tren-the-1361-19,14ca53c33385a8d7ac40667edf99ed54764ef0929c8667188840efb33b8ff765,,approve,Người dùng duyệt thủ tục cấp xã hiện hành ngày 2026-07-15.
tthc_phutho_xa_2360-49,2360-49,"Cấp tài khoản định danh điện tử cho cơ quan, tổ chức cấp xã",Định danh và xác thực điện tử,Cấp Xã,N/A,,,new,0.154,create_new,ready_for_approval,Website không công bố mức độ dịch vụ công; chuẩn hóa thành N/A.,Công an cấp xã,"- Không quá 03 ngày làm việc với trường hợp thông tin cần xác thực về tổ chức đã có trong cơ sở dữ liệu quốc gia, cơ sở dữ liệu chuyên ngành;
- Không quá 15 ngày với trường hợp thông tin cần xác minh về tổ chức không có trong cơ sở dữ liệu quốc gia, cơ sở dữ liệu chuyên ngành.",Không.,TK02,TK02.pdf,https://dichvucong.bocongan.gov.vn/?home=1,https://congan.phutho.gov.vn/article/thu-tuc-hanh-chinh/Cap-tai-khoan-dinh-danh-dien-tu-cho-co-quan-to-2360-49,f9bea84b4c3c4a7e7242c854f98d493538006e8646a682345ab2d2d878869b0e,,approve,Người dùng duyệt thủ tục cấp xã hiện hành ngày 2026-07-15.
tthc_phutho_xa_1320-49,1320-49,"Cấp tài khoản định danh điện tử mức độ 02, căn cước điện tử cho công dân Việt Nam cấp xã",Định danh và xác thực điện tử,Cấp Xã,N/A,,,new,0.216,create_new,ready_for_approval,Website không công bố mức độ dịch vụ công; chuẩn hóa thành N/A.,Công an cấp xã,"- Không quá 03 ngày làm việc với trường hợp công dân có thẻ căn cước công dân gắn chip, thẻ căn cước còn hiệu lực.
- Không quá 07 ngày làm việc với trường hợp công dân chưa có thẻ Căn cước công dân gắn chip, thẻ căn cước hoặc thẻ Căn cước công dân gắn chip, thẻ căn cước đã hết hiệu lực.",Không,TK01,TK01.pdf,https://dichvucong.bocongan.gov.vn/?home=1,https://congan.phutho.gov.vn/article/thu-tuc-hanh-chinh/Cap-tai-khoan-dinh-danh-dien-tu-muc-do-02-can-1320-49,70affee02d1c45e04d2324a90baecb9b9980c0698028db94a64d241c426ef9e3,,approve,Người dùng duyệt thủ tục cấp xã hiện hành ngày 2026-07-15.
tthc_phutho_xa_2370-49,2370-49,Khóa căn cước điện tử cấp xã,Định danh và xác thực điện tử,Cấp Xã,N/A,,,new,0.091,create_new,ready_for_approval,Website không công bố mức độ dịch vụ công; chuẩn hóa thành N/A.,Công an cấp xã,"- Cơ quan quản lý căn cước có trách nhiệm ghi nhận, kiểm tra, xác thực và khóa căn cước điện tử ngay sau khi nhận được yêu cầu khóa căn cước điện tử của công dân trên hệ thống định danh và xác thực điện tử.
- Trong thời hạn 03 ngày làm việc đối với trường hợp khóa căn cước điện tử theo đề nghị của cơ quan tiến hành tố tụng, cơ quan khác có thẩm quyền.",Không.,TK03,TK03.pdf,https://dichvucong.bocongan.gov.vn/?home=1,https://congan.phutho.gov.vn/article/thu-tuc-hanh-chinh/Khoa-can-cuoc-dien-tu-cap-xa-2370-49,6895bc4dade6fdd1deb412d2ad61a5a05dc86c36dead9c83530cc2c0639a649f,,approve,Người dùng duyệt thủ tục cấp xã hiện hành ngày 2026-07-15.
tthc_phutho_xa_2368-49,2368-49,Khóa tài khoản định danh điện tử cấp xã,Định danh và xác thực điện tử,Cấp Xã,N/A,,,new,0.130,create_new,ready_for_approval,Website không công bố mức độ dịch vụ công; chuẩn hóa thành N/A.,Công an cấp xã,Trong thời hạn 03 ngày làm việc.,Không.,TK03,TK03.pdf,https://dichvucong.bocongan.gov.vn/?home=1,https://congan.phutho.gov.vn/article/thu-tuc-hanh-chinh/Khoa-tai-khoan-dinh-danh-dien-tu-cap-xa-2368-49,05a85052b3fd289c6a32bf3cf84dd0bbab7ec9950096402ed9cb00ff9d10c54b,,approve,Người dùng duyệt thủ tục cấp xã hiện hành ngày 2026-07-15.
tthc_phutho_xa_2371-49,2371-49,Mở khóa căn cước điện tử cấp xã,Định danh và xác thực điện tử,Cấp Xã,N/A,,,new,0.087,create_new,ready_for_approval,Website không công bố mức độ dịch vụ công; chuẩn hóa thành N/A.,Công an cấp xã,"- Cơ quan quản lý căn cước có trách nhiệm ghi nhận, kiểm tra, xác thực và mở khóa căn cước điện tử ngay sau khi nhận được yêu cầu mở khóa căn cước điện tử của công dân trên hệ thống định danh và xác thực điện tử.
- Trong thời hạn 03 ngày làm việc đối với trường hợp mở khóa căn cước điện tử theo đề nghị của cơ quan tiến hành tố tụng, cơ quan khác có thẩm quyền.",Không.,TK03,TK03.pdf,https://dichvucong.bocongan.gov.vn/?home=1,https://congan.phutho.gov.vn/article/thu-tuc-hanh-chinh/Mo-khoa-can-cuoc-dien-tu-cap-xa-2371-49,109e93d212e936acea600eb1154b42c07fbf6724632fbe6e361a0518647376b5,,approve,Người dùng duyệt thủ tục cấp xã hiện hành ngày 2026-07-15.
tthc_phutho_xa_2369-49,2369-49,Mở khóa tài khoản định danh điện tử cấp xã,Định danh và xác thực điện tử,Cấp Xã,N/A,,,new,0.125,create_new,ready_for_approval,Website không công bố mức độ dịch vụ công; chuẩn hóa thành N/A.,Công an cấp xã,Trong thời hạn 03 ngày làm việc.,Không.,TK03,TK03.pdf,https://dichvucong.bocongan.gov.vn/?home=1,https://congan.phutho.gov.vn/article/thu-tuc-hanh-chinh/Mo-khoa-tai-khoan-dinh-danh-dien-tu-cap-xa-2369-49,4a1b8f6ec1a534e8e947dd2fa1d2ced1a91edfcef1d8c74d1482f397843ab625,,approve,Người dùng duyệt thủ tục cấp xã hiện hành ngày 2026-07-15.
tthc_phutho_xa_152-8,152-8,"Thủ tục Giải quyết khiếu nại về quyết định hành chính, hành vi hành chính của công dân đối với lực lượng Công an nhân dân thực hiện tại Công an cấp xã","Khiếu nại, tố cáo",Cấp Xã,N/A,,,new,0.129,create_new,ready_for_approval,Website không công bố mức độ dịch vụ công; chuẩn hóa thành N/A.,a) Người có thẩm quyền quyết định: Trưởng Công an cấp xã. b) Cơ quan trực tiếp thực hiện: Công an cấp xã.,"Thời hạn giải quyết khiếu nại lần đầu không quá 30 ngày, kể từ ngày thụ lý để giải quyết; đối với vụ việc phức tạp thì thời hạn giải quyết có thể kéo dài hơn nhưng không quá 45 ngày, kể từ ngày thụ lý để giải quyết. Ở vùng sâu, vùng xa đi lại khó khăn, thì thời hạn giải quyết khiếu nại lần đầu không quá 45 ngày, kể từ ngày thụ lý để giải quyết; đối với vụ việc phức tạp thì thời hạn giải quyết có thể kéo dài hơn nhưng không quá 60 ngày, kể từ ngày thụ lý để giải quyết.",Không,N/A,mẫu 1 - LKN 2011.docx | Mẫu 2 - LKN2011.docx,https://dichvucong.bocongan.gov.vn/?home=1,https://congan.phutho.gov.vn/article/thu-tuc-hanh-chinh/Thu-tuc-Giai-quyet-khieu-nai-ve-quyet-dinh-hanh-152-8,e2c49513d654c88ef8541ae975dab2b60cff8d316682be2eaac691a2374ab560,,approve,Người dùng duyệt thủ tục cấp xã hiện hành ngày 2026-07-15.
tthc_phutho_xa_153-8,153-8,Thủ tục Giải quyết tố cáo không thuộc lĩnh vực tố tụng hình sự của công dân đối với lực lượng Công an nhân dân thực hiện tại Công an cấp xã,"Khiếu nại, tố cáo",Cấp Xã,N/A,,,new,0.121,create_new,ready_for_approval,Website không công bố mức độ dịch vụ công; chuẩn hóa thành N/A.,a) Người có thẩm quyền quyết định: Trưởng Công an cấp xã có thẩm quyền. b) Cơ quan trực tiếp thực hiện: Công an cấp xã có thẩm quyền.,"TThời hạn giải quyết tố cáo là không quá 30 ngày kể từ ngày thụ lý tố cáo; đối với vụ việc phức tạp thì có thể gia hạn giải quyết tố cáo một lần nhưng không quá 30 ngày; đối với vụ việc đặc biệt phức tạp thì có thể gia hạn giải quyết tố cáo hai lần, mỗi lần không quá 30 ngày.",Không,N/A,N/A,https://dichvucong.bocongan.gov.vn/?home=1,https://congan.phutho.gov.vn/article/thu-tuc-hanh-chinh/Thu-tuc-Giai-quyet-to-cao-khong-thuoc-linh-vuc-to-153-8,428f71a9d09945ed5d952b7952efbe26dd119b4bbf7d65f76ea237e9016c2932,,approve,Người dùng duyệt thủ tục cấp xã hiện hành ngày 2026-07-15.
tthc_phutho_xa_261-39,261-39,Đăng ký tạm trú,"Lĩnh vực đăng ký, quản lý cư trú",Cấp Xã,Một phần,,,new,0.105,create_new,ready_for_approval,,Công an cấp xã,"Thời hạn 03 ngày làm việc kể từ ngày nhận được hồ sơ đầy đủ và hợp lệ, cơ quan đăng ký cư trú có trách nhiệm thẩm định, cập nhật thông tin về nơi tạm trú mới của người đăng ký vào Cơ sở dữ liệu về cư trú và thông báo cho người đăng ký về việc đã cập nhật thông tin đăng ký tạm trú; trường hợp từ chối đăng ký thì phải trả lời bằng văn bản và nêu rõ lý do.
- Trường hợp công dân nộp hồ sơ đăng ký tạm trú và Tờ khai đề nghị xác nhận nơi thường xuyên đậu, đỗ; sử dụng phương tiện vào mục đích để ở hoặc Tờ khai xác nhận tình trạng chỗ ở hợp pháp, diện tích nhà ở tối thiểu để đăng ký thường trú, đăng ký tạm trú đến cơ quan đăng ký cư trú thì thời hạn giải quyết của Ủy ban nhân dân cấp xã không tính vào thời hạn giải quyết hồ sơ đăng ký tạm trú.","- Đăng ký tạm trú (cá nhân, hộ gia đình):
+ Trường hợp công dân nộp hồ sơ trực tiếp thu 15.000 đồng/lần đăng ký.
+ Trường hợp công dân nộp hồ sơ qua cổng dịch vụ công trực tuyến thu 7.000 đồng/lần đăng ký.
- Đăng ký tạm trú theo danh sách:
+ Trường hợp công dân nộp hồ sơ trực tiếp thu 10.000 đồng/người/lần đăng ký.
+ Trường hợp công dân nộp hồ sơ qua cổng dịch vụ công trực tuyến thu 5.000 đồng/người/lần đăng ký.
- Trường hợp công dân thuộc diện được miễn phí theo quy định tại Điều 4 Thông tư số 75/2022/TT-BTC ngày 22/12/2022 quy định mức thu, chế độ thu, nộp và quản lý lệ phí đăng ký cư trú được sửa đổi, bổ sung tại Thông tư số 71/2025/TT-BTC ngày 01/7/2025 của Bộ Tài chính thì công dân phải xuất trình giấy tờ chứng minh thuộc diện được miễn trừ trường hợp thông tin đã có trong Cơ sở dữ liệu quốc gia về dân cư hoặc Cơ sở dữ liệu quốc gia, cơ sở dữ liệu chuyên ngành mà đã được kết nối với Cơ sở dữ liệu quốc gia về dân cư.",N/A,CT01.docx,https://dichvucong.bocongan.gov.vn/?home=1,https://congan.phutho.gov.vn/article/thu-tuc-hanh-chinh/Dang-ky-tam-tru-261-39,fff0d83471eeb4dc08d6a3d80fdf43398962d2f6d36c2d68ecb330314d04c83b,,approve,Người dùng duyệt thủ tục cấp xã hiện hành ngày 2026-07-15.
tthc_phutho_xa_259-39,259-39,Đăng ký thường trú,"Lĩnh vực đăng ký, quản lý cư trú",Cấp Xã,Một phần,,,new,0.091,create_new,ready_for_approval,,Công an cấp xã,"- Trong thời hạn 07 ngày làm việc kể từ ngày nhận được hồ sơ đầy đủ và hợp lệ, cơ quan đăng ký cư trú có trách nhiệm thẩm định, cập nhật thông tin về nơi thường trú mới của người đăng ký vào Cơ sở dữ liệu về cư trú và thông báo cho người đăng ký về việc đã cập nhật thông tin đăng ký thường trú; trường hợp từ chối đăng ký thì phải trả lời bằng văn bản và nêu rõ lý do.
- Trường hợp công dân nộp hồ sơ đăng ký thường trú và Tờ khai đề nghị xác nhận nơi thường xuyên đậu, đỗ; sử dụng phương tiện vào mục đích để ở hoặc Tờ khai xác nhận tình trạng chỗ ở hợp pháp, diện tích nhà ở tối thiểu để đăng ký thường trú, đăng ký tạm trú đến cơ quan đăng ký cư trú thì thời gian giải quyết của Ủy ban nhân dân cấp xã không tính vào thời hạn giải quyết hồ sơ đăng ký thường trú.
- Trường hợp công dân nộp hồ sơ đăng ký thường trú và đề nghị cơ quan quản lý xuất nhập cảnh cấp văn bản đồng ý cho giải quyết thường trú đến cơ quan đăng ký cư trú thì thời gian giải quyết của cơ quan quản lý xuất nhập cảnh không tính vào thời hạn giải quyết hồ sơ đăng ký thường trú.","- Trường hợp công dân nộp hồ sơ trực tiếp thu 20.000 đồng/lần đăng ký.
- Trường hợp công dân nộp hồ sơ qua dịch vụ bưu chính công ích thu 20.000 đồng/lần đăng ký; công dân gửi lệ phí kèm theo hồ sơ cho đơn vị bưu chính công ích chuyển đến cơ quan đăng ký cư trú theo quy định.
- Trường hợp công dân nộp hồ sơ qua cổng dịch vụ công trực tuyến thu 10.000 đồng/lần đăng ký.
- Trường hợp công dân thuộc diện được miễn phí theo quy định tại Điều 4 Thông tư số 75/2022/TT-BTC ngày 22/12/2022 quy định mức thu, chế độ thu, nộp và quản lý lệ phí đăng ký cư trú được sửa đổi, bổ sung tại Thông tư số 71/2025/TT-BTC ngày 01/7/2025 của Bộ Tài chính thì công dân phải xuất trình giấy tờ chứng minh thuộc diện được miễn trừ trường hợp thông tin đã có trong Cơ sở dữ liệu quốc gia về dân cư hoặc Cơ sở dữ liệu quốc gia, cơ sở dữ liệu chuyên ngành mà đã được kết nối với Cơ sở dữ liệu quốc gia về dân cư.",N/A,CT01.docx | CT02.docx,https://dichvucong.bocongan.gov.vn/?home=1,https://congan.phutho.gov.vn/article/thu-tuc-hanh-chinh/Dang-ky-thuong-tru-259-39,05cfbf8480b7eb9f82f84d275d7ba18d3531ec46b563d0a7fff0ad3b73693981,,approve,Người dùng duyệt thủ tục cấp xã hiện hành ngày 2026-07-15.
tthc_phutho_xa_256-39,256-39,Điều chỉnh thông tin về cư trú trong Cơ sở dữ liệu về cư trú,"Lĩnh vực đăng ký, quản lý cư trú",Cấp Xã,Toàn trình,,,new,0.115,create_new,ready_for_approval,,Công an cấp xã,"Trong thời hạn 03 ngày làm việc, kể từ ngày nhận đủ hồ sơ hợp lệ.",Không thu lệ phí.,N/A,CT01.docx,https://dichvucong.bocongan.gov.vn/?home=1,https://congan.phutho.gov.vn/article/thu-tuc-hanh-chinh/-Dieu-chinh-thong-tin-ve-cu-tru-trong-Co-so-du-256-39,c2b6a8cd301394dfc0460a644b8275692f6ab317e203cb541061f4fdb39621c6,,approve,Người dùng duyệt thủ tục cấp xã hiện hành ngày 2026-07-15.
tthc_phutho_xa_262-39,262-39,Gia hạn tạm trú,"Lĩnh vực đăng ký, quản lý cư trú",Cấp Xã,Một phần,,,new,0.105,create_new,ready_for_approval,,Công an cấp xã,"Trong thời hạn 03 ngày làm việc kể từ ngày nhận được hồ sơ đầy đủ và hợp lệ, cơ quan đăng ký cư trú có trách nhiệm thẩm định, cập nhật thông tin về nơi tạm trú mới của người đăng ký vào Cơ sở dữ liệu về cư trú và thông báo cho người đăng ký về việc đã cập nhật thông tin đăng ký tạm trú; trường hợp từ chối đăng ký thì phải trả lời bằng văn bản và nêu rõ lý do.","- Gia hạn tạm trú (cá nhân, hộ gia đình):
+ Trường hợp công dân nộp hồ sơ trực tiếp thu 15.000 đồng/lần đăng ký.
+ Trường hợp công dân nộp hồ sơ qua cổng dịch vụ công trực tuyến thu 7.000 đồng/lần đăng ký.
- Gia hạn tạm trú theo danh sách:
+ Trường hợp công dân nộp hồ sơ trực tiếp thu 10.000 đồng/người/lần đăng ký.
+ Trường hợp công dân nộp hồ sơ qua cổng dịch vụ công trực tuyến thu 5.000 đồng/người/lần đăng ký.
- Trường hợp công dân thuộc diện được miễn phí theo quy định tại Điều 4 Thông tư số 75/2022/TT-BTC ngày 22/12/2022 quy định mức thu, chế độ thu, nộp và quản lý lệ phí đăng ký cư trú được sửa đổi, bổ sung tại Thông tư số 71/2025/TT-BTC ngày 01/7/2025 của Bộ Tài chính thì công dân phải xuất trình giấy tờ chứng minh thuộc diện được miễn trừ trường hợp thông tin đã có trong Cơ sở dữ liệu quốc gia về dân cư hoặc Cơ sở dữ liệu quốc gia, cơ sở dữ liệu chuyên ngành mà đã được kết nối với Cơ sở dữ liệu quốc gia về dân cư.",N/A,CT01.docx,https://dichvucong.bocongan.gov.vn/?home=1,https://congan.phutho.gov.vn/article/thu-tuc-hanh-chinh/Gia-han-tam-tru-262-39,9e161854499fe0ae4b6dfe0f22c69a39b7b8a4a4d9e2c7777b8e564b9ffa2e3d,,approve,Người dùng duyệt thủ tục cấp xã hiện hành ngày 2026-07-15.
tthc_phutho_xa_265-39,265-39,Khai báo tạm vắng,"Lĩnh vực đăng ký, quản lý cư trú",Cấp Xã,Toàn trình,,,new,0.167,create_new,ready_for_approval,,Công an cấp xã,Trong thời gian 01 ngày kể từ khi tiếp nhận đề nghị khai báo tạm vắng của công dân; trường hợp phức tạp thì có thể kéo dài hơn nhưng không quá 02 ngày làm việc.,Không.,N/A,CT03 Phiếu khai báo tạm vắng.doc,https://dichvucong.bocongan.gov.vn/?home=1,https://congan.phutho.gov.vn/article/thu-tuc-hanh-chinh/Khai-bao-tam-vang-265-39,37c84d6c0003af08350faf0cd66de91f27400f39856f589a58f5eb3264725dea,,approve,Người dùng duyệt thủ tục cấp xã hiện hành ngày 2026-07-15.
tthc_phutho_xa_257-39,257-39,"Khai báo thông tin về cư trú đối với người chưa đủ điều kiện đăng ký thường trú, đăng ký tạm trú","Lĩnh vực đăng ký, quản lý cư trú",Cấp Xã,Một phần,,,new,0.250,create_new,ready_for_approval,,Công an cấp xã,"- Đối với trường hợp công dân đã có thông tin trong Cơ sở dữ liệu quốc gia về dân cư thì trong thời hạn 05 ngày làm việc kể từ ngày tiếp nhận thông tin khai báo, cơ quan đăng ký cư trú phải tiến hành xác minh thông tin.
- Đối với trường hợp công dân chưa có thông tin trong Cơ sở dữ liệu quốc gia về dân cư thì trong thời hạn 30 ngày kể từ ngày tiếp nhận thông tin, cơ quan đăng ký cư trú phải tiến hành xác minh thông tin, phức tạp có thể kéo dài nhưng không quá 60 ngày.
Sau khi kiểm tra, xác minh, cơ quan đăng ký cư trú cập nhật thông tin của công dân về nơi ở hiện tại và các thông tin khác vào Cơ sở dữ liệu quốc gia về dân cư, Cơ sở dữ liệu về cư trú và thông báo cho người đã khai báo về việc đã cập nhật thông tin, cấp xác nhận thông tin về cư trú khi công dân có nhu cầu.",Không thu lệ phí.,N/A,CT01.docx,https://dichvucong.bocongan.gov.vn/?home=1,https://congan.phutho.gov.vn/article/thu-tuc-hanh-chinh/Khai-bao-thong-tin-ve-cu-tru-doi-voi-nguoi-chua-257-39,0fdac75122615ba01637ce8574e8ca49c332e427baaff080e03f9b90adb0e577,,approve,Người dùng duyệt thủ tục cấp xã hiện hành ngày 2026-07-15.
tthc_phutho_xa_255-39,255-39,Tách hộ,"Lĩnh vực đăng ký, quản lý cư trú",Cấp Xã,Một phần,,,new,0.000,create_new,ready_for_approval,,Công an cấp xã,"Trong thời hạn 05 ngày làm việc kể từ ngày nhận được hồ sơ đầy đủ và hợp lệ, cơ quan đăng ký cư trú có trách nhiệm thẩm định, cập nhật thông tin về hộ gia đình liên quan đến việc tách hộ trong Cơ sở dữ liệu về cư trú và thông báo cho người đăng ký về việc đã cập nhật thông tin này; trường hợp từ chối giải quyết tách hộ thì phải trả lời bằng văn bản và nêu rõ lý do.","- Trường hợp công dân nộp hồ sơ trực tiếp thu 10.000 đồng/lần đăng ký.
- Trường hợp công dân nộp hồ sơ qua cổng dịch vụ công trực tuyến thu 5000 đồng/lần đăng ký.
- Trường hợp công dân thuộc diện được miễn phí theo quy định tại Điều 4 Thông tư số 75/2022/TT-BTC ngày 22/12/2022 quy định mức thu, chế độ thu, nộp và quản lý lệ phí đăng ký cư trú được sửa đổi, bổ sung tại Thông tư số 71/2025/TT-BTC ngày 01/7/2025 của Bộ Tài chính thì công dân phải xuất trình giấy tờ chứng minh thuộc diện được miễn trừ trường hợp thông tin đã có trong Cơ sở dữ liệu quốc gia về dân cư hoặc Cơ sở dữ liệu quốc gia, cơ sở dữ liệu chuyên ngành mà đã được kết nối với Cơ sở dữ liệu quốc gia về dân cư.",N/A,CT01.docx,https://dichvucong.bocongan.gov.vn/?home=1,https://congan.phutho.gov.vn/article/thu-tuc-hanh-chinh/Tach-ho-255-39,05b6adef19ed3108f05e02697550f4600bcd3cec7835ff983b5a7ba37d8461c3,,approve,Người dùng duyệt thủ tục cấp xã hiện hành ngày 2026-07-15.
tthc_phutho_xa_264-39,264-39,Thông báo lưu trú,"Lĩnh vực đăng ký, quản lý cư trú",Cấp Xã,Toàn trình,,,new,0.167,create_new,ready_for_approval,,Công an cấp xã,Tiếp nhận ngay khi công dân thông báo lưu trú.,Không.,N/A,N/A,https://dichvucong.bocongan.gov.vn/?home=1,https://congan.phutho.gov.vn/article/thu-tuc-hanh-chinh/Thong-bao-luu-tru-264-39,0819557606c89debfcf96d214c79636993b91c4b302571602ab8253636b585fe,,approve,Người dùng duyệt thủ tục cấp xã hiện hành ngày 2026-07-15.
tthc_phutho_xa_258-39,258-39,Xác nhận thông tin về cư trú,"Lĩnh vực đăng ký, quản lý cư trú",Cấp Xã,Toàn trình,,,new,0.200,create_new,ready_for_approval,,Công an cấp xã,"Kể từ ngày nhận được hồ sơ hợp lệ, cơ quan đăng ký cư trú có trách nhiệm xác nhận thông tin về cư trú cho công dân trong thời hạn không quá 1/2 ngày làm việc với trường hợp thông tin có trong Cơ sở dữ liệu quốc gia về dân cư và trong thời hạn 03 ngày làm việc với trường hợp thông tin không có trong Cơ sở dữ liệu quốc gia về dân cư, Cơ sở dữ liệu về cư trú cần xác minh; trường hợp từ chối giải quyết xác nhận thông tin về cư trú thì phải trả lời bằng văn bản và nêu rõ lý do.",Không thu lệ phí.,N/A,CT01.docx,https://dichvucong.bocongan.gov.vn/?home=1,https://congan.phutho.gov.vn/article/thu-tuc-hanh-chinh/Xac-nhan-thong-tin-ve-cu-tru-258-39,5a1f8195921dbd8e9de71d2085ca351c137e1357032f8e2daaf17c7808a2cde8,,approve,Người dùng duyệt thủ tục cấp xã hiện hành ngày 2026-07-15.
tthc_phutho_xa_263-39,263-39,Xóa đăng ký tạm trú,"Lĩnh vực đăng ký, quản lý cư trú",Cấp Xã,Toàn trình,,,new,0.100,create_new,ready_for_approval,,Công an cấp xã,"Trong thời hạn 03 ngày làm việc, kể từ ngày nhận được hồ sơ hợp lệ thì cơ quan đăng ký cư trú phải xóa đăng ký tạm trú đối với công dân và cập nhật việc xóa đăng ký tạm trú vào Cơ sở dữ liệu về cư trú, Cơ sở dữ liệu quốc gia về dân cư.",Không.,N/A,CT01.docx,https://dichvucong.bocongan.gov.vn/?home=1,https://congan.phutho.gov.vn/article/thu-tuc-hanh-chinh/Xoa-dang-ky-tam-tru-263-39,c1d122f690e4a1c2da16a68dfd937999e4385101eb7c7897e965204c6bb164db,,approve,Người dùng duyệt thủ tục cấp xã hiện hành ngày 2026-07-15.
tthc_phutho_xa_260-39,260-39,Xóa đăng ký thường trú,"Lĩnh vực đăng ký, quản lý cư trú",Cấp Xã,Toàn trình,,,new,0.087,create_new,ready_for_approval,,Công an cấp xã,Thời hạn 05 ngày làm việc kể từ ngày nhận được hồ sơ đầy đủ và hợp lệ.,Không thu lệ phí.,N/A,CT01.docx,https://dichvucong.bocongan.gov.vn/?home=1,https://congan.phutho.gov.vn/article/thu-tuc-hanh-chinh/Xoa-dang-ky-thuong-tru-260-39,fbafca5ce53824521808cef55dde9384d2bdd3a7943382db986c0c24ee42f5cc,,approve,Người dùng duyệt thủ tục cấp xã hiện hành ngày 2026-07-15.
tthc_phutho_xa_1347-15,1347-15,"Cấp đổi Giấy chứng nhận đủ điều kiện về an ninh, trật tự thực hiện tại cấp xã",Quản lý ngành nghề kinh doanh có điều kiện,Cấp Xã,N/A,,,new,0.100,create_new,ready_for_approval,Website không công bố mức độ dịch vụ công; chuẩn hóa thành N/A.,Công an cấp xã.,04 (bốn) ngày làm việc.,300.000đ (Ba trăm nghìn đồng).,N/A,Van ban de nghi.docx | Mau 02.doc | Ban khai nhan su.docx,https://dichvucong.bocongan.gov.vn/?home=1,https://congan.phutho.gov.vn/article/thu-tuc-hanh-chinh/Cap-doi-Giay-chung-nhan-du-dieu-kien-ve-an-ninh-1347-15,088ec50cab472ff77e6ac63e738726abade946a1644645434a77aeb45c29ce3d,,approve,Người dùng duyệt thủ tục cấp xã hiện hành ngày 2026-07-15.
tthc_phutho_xa_1346-15,1346-15,"Cấp mới Giấy chứng nhận đủ điều kiện về an ninh, trật tự thực hiện tại cấp xã",Quản lý ngành nghề kinh doanh có điều kiện,Cấp Xã,N/A,,,new,0.100,create_new,ready_for_approval,Website không công bố mức độ dịch vụ công; chuẩn hóa thành N/A.,Công an cấp xã.,04 (bốn) ngày làm việc.,300.000đ (Ba trăm nghìn đồng).,N/A,Mau so 03.docx | Mau 02.doc | Ban khai nhan su.docx,https://dichvucong.bocongan.gov.vn/?home=1,https://congan.phutho.gov.vn/article/thu-tuc-hanh-chinh/Cap-moi-Giay-chung-nhan-du-dieu-kien-ve-an-ninh-1346-15,b2caeb5fd335b91130ecb2a0269e357b3eb7a4e9af015d920651cdf5be74d65d,,approve,Người dùng duyệt thủ tục cấp xã hiện hành ngày 2026-07-15.
tthc_phutho_xa_154-18,154-18,"Khai báo vũ khí thô sơ là hiện vật trưng bày, triển lãm, làm đồ gia bảo","Quản lý vũ khí, vật liệu nổ, công cụ hỗ trợ và pháo",Cấp Xã,N/A,,,new,0.067,create_new,ready_for_approval,Website không công bố mức độ dịch vụ công; chuẩn hóa thành N/A.,"Công an xã, phường, thị trấn","Trong thời hạn 03 ngày làm việc kể từ ngày nhận đủ hồ sơ, Công an xã, phường, thị trấn phải thông báo xác nhận khai báo vũ khí thô sơ cho tổ chức, cá nhân sở hữu.",Không.,N/A,N/A,https://dichvucong.bocongan.gov.vn/?home=1,https://congan.phutho.gov.vn/article/thu-tuc-hanh-chinh/Khai-bao-vu-khi-tho-so-la-hien-vat-trung-bay-154-18,59ed17a4f2425c9e70babb77b018410e402ab61ad754a4cad8f9e2aaa4ad414c,,approve,Người dùng duyệt thủ tục cấp xã hiện hành ngày 2026-07-15.
tthc_phutho_xa_2373-17,2373-17,Thủ tục Khai báo tạm trú cho người nước ngoài tại Việt Nam bằng Phiếu khai báo tạm trú,Quản lý xuất nhập cảnh,Cấp Xã,Toàn trình,,,new,0.579,exclude_superseded,decision_recorded,Không nhập corpus hiện hành: luồng Phiếu/NA17 đã được người duyệt xác nhận lỗi thời. Không dùng thời gian giải quyết trên trang này để ghi đè hạn khai báo 12/24 giờ.,Công an cấp xã,24 giờ/07 ngày.,Không,N/A,N/A,https://dichvucong.bocongan.gov.vn/?home=1,https://congan.phutho.gov.vn/article/thu-tuc-hanh-chinh/Thu-tuc-Khai-bao-tam-tru-cho-nguoi-nuoc-ngoai-tai-2373-17,612a00673eb18a0e8cba637607821e29335fa95b4cbe32d8322db4207b02da0c,paper_flow_candidate | ambiguous_processing_time,reject,Luồng Phiếu/NA17 không còn sử dụng trong thực tế.
tthc_phutho_xa_2378-17,2378-17,Trình báo mất giấy thông hành thực hiện tại Công an cấp xã,Quản lý xuất nhập cảnh,Cấp Xã,Toàn trình,,,new,0.130,create_new,ready_for_approval,,Công an cấp xã,"+ Trong thời hạn 01 ngày làm việc kể từ ngày tiếp nhận đơn trình báo mất giấy thông hành, Công an cấp xã có trách nhiệm thông báo đến cơ quan cấp giấy thông hành để huỷ giá trị sử dụng của giấy thông hành và thông báo cho người gửi đơn.
+ Trong thời hạn 01 ngày làm việc kể từ khi nhận được đơn trình báo mất giấy thông hành hoặc thông báo về việc chuyển đơn trình báo mất giấy thông hành, cơ quan cấp giấy thông hành thực hiện việc huỷ giá trị sử dụng giấy thông hành bị mất.",Không,M02A,M02a_don_trinh_bao_mat_giay_thong_hanh.doc,https://dichvucong.bocongan.gov.vn/?home=1,https://congan.phutho.gov.vn/article/thu-tuc-hanh-chinh/Trinh-bao-mat-giay-thong-hanh-thuc-hien-tai-Cong-2378-17,04e60584396c9e72128096a4774ed5a13ab2ecb3bc8ca19502e8f74a5c2ca76a,,approve,Người dùng duyệt thủ tục cấp xã hiện hành ngày 2026-07-15.
tthc_phutho_xa_1343-17,1343-17,Trình báo mất hộ chiếu phổ thông thực hiện tại Công an cấp xã,Quản lý xuất nhập cảnh,Cấp Xã,Toàn trình,,,new,0.091,create_new,ready_for_approval,,Công an cấp xã,"01 ngày làm việc kể từ khi nhận đơn trình báo mất hộ chiếu phổ thông, Công an cấp xã thông báo bằng văn bản cho người gửi đơn và Cục Quản lý xuất nhập cảnh; trong thời hạn 01 ngày làm việc kể từ ngày nhận được thông báo của Công an cấp xã, Cục Quản lý xuất nhập cảnh thực hiện hủy giá trị sử dụng của hộ chiếu và thông báo về việc giải quyết đơn trình báo mất hộ chiếu cho người gửi đơn.",không.,TK05,TK05.pdf,https://dichvucong.bocongan.gov.vn/?home=1,https://congan.phutho.gov.vn/article/thu-tuc-hanh-chinh/Trinh-bao-mat-ho-chieu-pho-thong-thuc-hien-tai-1343-17,1a120d01a68337758e0e3f4e129681dd66d7f64ebe685803d2ea62b7350dc781,,approve,Người dùng duyệt thủ tục cấp xã hiện hành ngày 2026-07-15.
tthc_phutho_xa_1325-17,1325-17,Trình báo mất thẻ ABTC thực hiện tại cấp xã,Quản lý xuất nhập cảnh,Cấp Xã,Toàn trình,,,new,0.048,create_new,ready_for_approval,,Công an cấp xã,"+ Trong thời gian 02 ngày làm việc kể từ khi nhận đơn trình báo mất thẻ ABTC, Công an cấp xã gửi văn bản cho Cục Quản lý xuất nhập cảnh về việc đã tiếp nhận đơn trình báo mất thẻ ABTC của doanh nhân và người gửi đơn theo mẫu CV04.
+ Trong thời hạn 03 ngày làm việc kể từ khi tiếp nhận văn bản về việc đã tiếp nhận đơn trình báo mất thẻ ABTC, Cục Quản lý xuất nhập cảnh gửi thông báo cho công dân biết về việc giải quyết đơn trình báo mất thẻ ABTC theo mẫu CV05.",Không,TK07,mau-don-trinh-bao-mat-the-ABTC.docx,https://dichvucong.bocongan.gov.vn/?home=1,https://congan.phutho.gov.vn/article/thu-tuc-hanh-chinh/Trinh-bao-mat-the-ABTC-thuc-hien-tai-cap-xa-1325-17,8d318bc3df5d2cd283c3742ddb4dbe764750a40f83c304a02b547d7fb2871dc3,,approve,Người dùng duyệt thủ tục cấp xã hiện hành ngày 2026-07-15.
tthc_xa-01,2456-17,"Xác nhận, cung cấp thông tin liên quan đến xuất nhập cảnh của công dân Việt Nam tại Công an cấp xã",Quản lý xuất nhập cảnh,Cấp Xã,N/A,tthc_xa-01,"Xác nhận, cung cấp thông tin liên quan đến xuất nhập cảnh của công dân Việt Nam",equivalent_title,1.000,update_existing,ready_for_approval,Website không công bố mức độ dịch vụ công; chuẩn hóa thành N/A.,Công an cấp xã,05 ngày làm việc kể từ ngày nhận được đơn đề nghị của công dân.,Không.,M03B | M04B,M03b.doc | M04b .doc,https://dichvucong.bocongan.gov.vn/?home=1,https://congan.phutho.gov.vn/article/thu-tuc-hanh-chinh/Xac-nhan-cung-cap-thong-tin-lien-quan-den-xuat-2456-17,a75968707dcba29784e7a04dd57bc8eaccf7f02f7e3b30210a665fa8a4068b76,,approve,Người dùng duyệt thủ tục cấp xã hiện hành ngày 2026-07-15.
